Country Name,Country ISO3,Year,Indicator Name,Indicator Code,Value
#country+name,#country+code,#date+year,#indicator+name,#indicator+code,#indicator+value+num
Benin,BEN,2021,Agricultural land (sq. km),AG.LND.AGRI.K2,39500
Benin,BEN,2020,Agricultural land (sq. km),AG.LND.AGRI.K2,39500
Benin,BEN,2019,Agricultural land (sq. km),AG.LND.AGRI.K2,39500
Benin,BEN,2018,Agricultural land (sq. km),AG.LND.AGRI.K2,39500
Benin,BEN,2017,Agricultural land (sq. km),AG.LND.AGRI.K2,39500
Benin,BEN,2016,Agricultural land (sq. km),AG.LND.AGRI.K2,39500
Benin,BEN,2015,Agricultural land (sq. km),AG.LND.AGRI.K2,39500
Benin,BEN,2014,Agricultural land (sq. km),AG.LND.AGRI.K2,39500
Benin,BEN,2013,Agricultural land (sq. km),AG.LND.AGRI.K2,39500
Benin,BEN,2012,Agricultural land (sq. km),AG.LND.AGRI.K2,37500
Benin,BEN,2011,Agricultural land (sq. km),AG.LND.AGRI.K2,36500
Benin,BEN,2010,Agricultural land (sq. km),AG.LND.AGRI.K2,36500
Benin,BEN,2009,Agricultural land (sq. km),AG.LND.AGRI.K2,36500
Benin,BEN,2008,Agricultural land (sq. km),AG.LND.AGRI.K2,35500
Benin,BEN,2007,Agricultural land (sq. km),AG.LND.AGRI.K2,33500
Benin,BEN,2006,Agricultural land (sq. km),AG.LND.AGRI.K2,33400
Benin,BEN,2005,Agricultural land (sq. km),AG.LND.AGRI.K2,34840
Benin,BEN,2004,Agricultural land (sq. km),AG.LND.AGRI.K2,34670
Benin,BEN,2003,Agricultural land (sq. km),AG.LND.AGRI.K2,34670
Benin,BEN,2002,Agricultural land (sq. km),AG.LND.AGRI.K2,33650
Benin,BEN,2001,Agricultural land (sq. km),AG.LND.AGRI.K2,32650
Benin,BEN,2000,Agricultural land (sq. km),AG.LND.AGRI.K2,31950
Benin,BEN,1999,Agricultural land (sq. km),AG.LND.AGRI.K2,31100
Benin,BEN,1998,Agricultural land (sq. km),AG.LND.AGRI.K2,30500
Benin,BEN,1997,Agricultural land (sq. km),AG.LND.AGRI.K2,28900
Benin,BEN,1996,Agricultural land (sq. km),AG.LND.AGRI.K2,27100
Benin,BEN,1995,Agricultural land (sq. km),AG.LND.AGRI.K2,25200
Benin,BEN,1994,Agricultural land (sq. km),AG.LND.AGRI.K2,24000
Benin,BEN,1993,Agricultural land (sq. km),AG.LND.AGRI.K2,23200
Benin,BEN,1992,Agricultural land (sq. km),AG.LND.AGRI.K2,22950
Benin,BEN,1991,Agricultural land (sq. km),AG.LND.AGRI.K2,22800
Benin,BEN,1990,Agricultural land (sq. km),AG.LND.AGRI.K2,22700
Benin,BEN,1989,Agricultural land (sq. km),AG.LND.AGRI.K2,22200
Benin,BEN,1988,Agricultural land (sq. km),AG.LND.AGRI.K2,22100
Benin,BEN,1987,Agricultural land (sq. km),AG.LND.AGRI.K2,22000
Benin,BEN,1986,Agricultural land (sq. km),AG.LND.AGRI.K2,21900
Benin,BEN,1985,Agricultural land (sq. km),AG.LND.AGRI.K2,21300
Benin,BEN,1984,Agricultural land (sq. km),AG.LND.AGRI.K2,21100
Benin,BEN,1983,Agricultural land (sq. km),AG.LND.AGRI.K2,21000
Benin,BEN,1982,Agricultural land (sq. km),AG.LND.AGRI.K2,20900
Benin,BEN,1981,Agricultural land (sq. km),AG.LND.AGRI.K2,20570
Benin,BEN,1980,Agricultural land (sq. km),AG.LND.AGRI.K2,20270
Benin,BEN,1979,Agricultural land (sq. km),AG.LND.AGRI.K2,19970
Benin,BEN,1978,Agricultural land (sq. km),AG.LND.AGRI.K2,19770
Benin,BEN,1977,Agricultural land (sq. km),AG.LND.AGRI.K2,19570
Benin,BEN,1976,Agricultural land (sq. km),AG.LND.AGRI.K2,19270
Benin,BEN,1975,Agricultural land (sq. km),AG.LND.AGRI.K2,18970
Benin,BEN,1974,Agricultural land (sq. km),AG.LND.AGRI.K2,18570
Benin,BEN,1973,Agricultural land (sq. km),AG.LND.AGRI.K2,18270
Benin,BEN,1972,Agricultural land (sq. km),AG.LND.AGRI.K2,18070
Benin,BEN,1971,Agricultural land (sq. km),AG.LND.AGRI.K2,17770
Benin,BEN,1970,Agricultural land (sq. km),AG.LND.AGRI.K2,17270
Benin,BEN,1969,Agricultural land (sq. km),AG.LND.AGRI.K2,17070
Benin,BEN,1968,Agricultural land (sq. km),AG.LND.AGRI.K2,16220
Benin,BEN,1967,Agricultural land (sq. km),AG.LND.AGRI.K2,15920
Benin,BEN,1966,Agricultural land (sq. km),AG.LND.AGRI.K2,15520
Benin,BEN,1965,Agricultural land (sq. km),AG.LND.AGRI.K2,15220
Benin,BEN,1964,Agricultural land (sq. km),AG.LND.AGRI.K2,15020
Benin,BEN,1963,Agricultural land (sq. km),AG.LND.AGRI.K2,14820
Benin,BEN,1962,Agricultural land (sq. km),AG.LND.AGRI.K2,14620
Benin,BEN,1961,Agricultural land (sq. km),AG.LND.AGRI.K2,14420
Benin,BEN,2022,Agricultural land (% of land area),AG.LND.AGRI.ZS,43.0623652004257
Benin,BEN,2021,Agricultural land (% of land area),AG.LND.AGRI.ZS,41.002345689961
Benin,BEN,2020,Agricultural land (% of land area),AG.LND.AGRI.ZS,39.3140173820504
Benin,BEN,2019,Agricultural land (% of land area),AG.LND.AGRI.ZS,41.071385242994
Benin,BEN,2018,Agricultural land (% of land area),AG.LND.AGRI.ZS,39.5602039730401
Benin,BEN,2017,Agricultural land (% of land area),AG.LND.AGRI.ZS,36.3017018446258
Benin,BEN,2016,Agricultural land (% of land area),AG.LND.AGRI.ZS,34.3804984036893
Benin,BEN,2015,Agricultural land (% of land area),AG.LND.AGRI.ZS,36.122942532813
Benin,BEN,2014,Agricultural land (% of land area),AG.LND.AGRI.ZS,35.4549663001064
Benin,BEN,2013,Agricultural land (% of land area),AG.LND.AGRI.ZS,35.3010287335935
Benin,BEN,2012,Agricultural land (% of land area),AG.LND.AGRI.ZS,33.3912380276694
Benin,BEN,2011,Agricultural land (% of land area),AG.LND.AGRI.ZS,32.0979514012061
Benin,BEN,2010,Agricultural land (% of land area),AG.LND.AGRI.ZS,30.9253636041149
Benin,BEN,2009,Agricultural land (% of land area),AG.LND.AGRI.ZS,33.170672224193
Benin,BEN,2008,Agricultural land (% of land area),AG.LND.AGRI.ZS,31.7833628946435
Benin,BEN,2007,Agricultural land (% of land area),AG.LND.AGRI.ZS,29.9672224192976
Benin,BEN,2006,Agricultural land (% of land area),AG.LND.AGRI.ZS,29.6144554806669
Benin,BEN,2005,Agricultural land (% of land area),AG.LND.AGRI.ZS,30.8048244058177
Benin,BEN,2004,Agricultural land (% of land area),AG.LND.AGRI.ZS,30.6779443064917
Benin,BEN,2003,Agricultural land (% of land area),AG.LND.AGRI.ZS,30.7821656615821
Benin,BEN,2002,Agricultural land (% of land area),AG.LND.AGRI.ZS,29.8628857750976
Benin,BEN,2001,Agricultural land (% of land area),AG.LND.AGRI.ZS,28.9067843206811
Benin,BEN,2000,Agricultural land (% of land area),AG.LND.AGRI.ZS,28.3068109258602
Benin,BEN,1999,Agricultural land (% of land area),AG.LND.AGRI.ZS,27.5451933309684
Benin,BEN,1998,Agricultural land (% of land area),AG.LND.AGRI.ZS,26.9671869457254
Benin,BEN,1997,Agricultural land (% of land area),AG.LND.AGRI.ZS,25.6284941468606
Benin,BEN,1996,Agricultural land (% of land area),AG.LND.AGRI.ZS,23.9875399077687
Benin,BEN,1995,Agricultural land (% of land area),AG.LND.AGRI.ZS,22.3005764455481
Benin,BEN,1994,Agricultural land (% of land area),AG.LND.AGRI.ZS,21.169359702022
Benin,BEN,1993,Agricultural land (% of land area),AG.LND.AGRI.ZS,20.6264455480667
Benin,BEN,1992,Agricultural land (% of land area),AG.LND.AGRI.ZS,20.3100922312877
Benin,BEN,1991,Agricultural land (% of land area),AG.LND.AGRI.ZS,20.1162735012416
Benin,BEN,1990,Agricultural land (% of land area),AG.LND.AGRI.ZS,20.0540617240156
Benin,BEN,1989,Agricultural land (% of land area),AG.LND.AGRI.ZS,19.559772969138
Benin,BEN,1988,Agricultural land (% of land area),AG.LND.AGRI.ZS,19.5650940049663
Benin,BEN,1987,Agricultural land (% of land area),AG.LND.AGRI.ZS,19.474813763746
Benin,BEN,1986,Agricultural land (% of land area),AG.LND.AGRI.ZS,19.3861298332742
Benin,BEN,1985,Agricultural land (% of land area),AG.LND.AGRI.ZS,18.8529177013125
Benin,BEN,1984,Agricultural land (% of land area),AG.LND.AGRI.ZS,18.5597286271728
Benin,BEN,1983,Agricultural land (% of land area),AG.LND.AGRI.ZS,18.3912291592763
Benin,BEN,1982,Agricultural land (% of land area),AG.LND.AGRI.ZS,18.4045760908123
Benin,BEN,1981,Agricultural land (% of land area),AG.LND.AGRI.ZS,18.0454061724016
Benin,BEN,1980,Agricultural land (% of land area),AG.LND.AGRI.ZS,17.7749201844626
Benin,BEN,1979,Agricultural land (% of land area),AG.LND.AGRI.ZS,17.5
Benin,BEN,1978,Agricultural land (% of land area),AG.LND.AGRI.ZS,17.3262681802057
Benin,BEN,1977,Agricultural land (% of land area),AG.LND.AGRI.ZS,17.1386661936857
Benin,BEN,1976,Agricultural land (% of land area),AG.LND.AGRI.ZS,16.8438275984392
Benin,BEN,1975,Agricultural land (% of land area),AG.LND.AGRI.ZS,16.6088151826889
Benin,BEN,1974,Agricultural land (% of land area),AG.LND.AGRI.ZS,16.2532369634622
Benin,BEN,1973,Agricultural land (% of land area),AG.LND.AGRI.ZS,16.0137903511884
Benin,BEN,1972,Agricultural land (% of land area),AG.LND.AGRI.ZS,15.8452908832919
Benin,BEN,1971,Agricultural land (% of land area),AG.LND.AGRI.ZS,15.5695725434551
Benin,BEN,1970,Agricultural land (% of land area),AG.LND.AGRI.ZS,15.1354469670096
Benin,BEN,1969,Agricultural land (% of land area),AG.LND.AGRI.ZS,14.9434639943242
Benin,BEN,1968,Agricultural land (% of land area),AG.LND.AGRI.ZS,14.1926214969847
Benin,BEN,1967,Agricultural land (% of land area),AG.LND.AGRI.ZS,13.9194749911316
Benin,BEN,1966,Agricultural land (% of land area),AG.LND.AGRI.ZS,13.5310393756651
Benin,BEN,1965,Agricultural land (% of land area),AG.LND.AGRI.ZS,13.265031926215
Benin,BEN,1964,Agricultural land (% of land area),AG.LND.AGRI.ZS,13.069927279177
Benin,BEN,1963,Agricultural land (% of land area),AG.LND.AGRI.ZS,12.9097641007449
Benin,BEN,1962,Agricultural land (% of land area),AG.LND.AGRI.ZS,12.7274742816602
Benin,BEN,1961,Agricultural land (% of land area),AG.LND.AGRI.ZS,12.5448740688187
Benin,BEN,2022,Arable land (% of land area),AG.LND.ARBL.ZS,31.4468987229514
Benin,BEN,2021,Arable land (% of land area),AG.LND.ARBL.ZS,30.9233283079106
Benin,BEN,2020,Arable land (% of land area),AG.LND.ARBL.ZS,29.5429106065981
Benin,BEN,2019,Arable land (% of land area),AG.LND.ARBL.ZS,31.3762185172047
Benin,BEN,2018,Arable land (% of land area),AG.LND.ARBL.ZS,30.291952820149
Benin,BEN,2017,Arable land (% of land area),AG.LND.ARBL.ZS,26.5482165661582
Benin,BEN,2016,Arable land (% of land area),AG.LND.ARBL.ZS,24.8315005321036
Benin,BEN,2015,Arable land (% of land area),AG.LND.ARBL.ZS,23.9446612273856
Benin,BEN,2014,Arable land (% of land area),AG.LND.ARBL.ZS,23.9446612273856
Benin,BEN,2013,Arable land (% of land area),AG.LND.ARBL.ZS,23.9446612273856
Benin,BEN,2012,Arable land (% of land area),AG.LND.ARBL.ZS,23.0578219226676
Benin,BEN,2011,Arable land (% of land area),AG.LND.ARBL.ZS,22.1709826179496
Benin,BEN,2010,Arable land (% of land area),AG.LND.ARBL.ZS,22.1709826179496
Benin,BEN,2009,Arable land (% of land area),AG.LND.ARBL.ZS,22.1709826179496
Benin,BEN,2008,Arable land (% of land area),AG.LND.ARBL.ZS,22.1709826179496
Benin,BEN,2007,Arable land (% of land area),AG.LND.ARBL.ZS,22.1709826179496
Benin,BEN,2006,Arable land (% of land area),AG.LND.ARBL.ZS,22.1709826179496
Benin,BEN,2005,Arable land (% of land area),AG.LND.ARBL.ZS,23.5367151472153
Benin,BEN,2004,Arable land (% of land area),AG.LND.ARBL.ZS,23.5012415750266
Benin,BEN,2003,Arable land (% of land area),AG.LND.ARBL.ZS,23.5012415750266
Benin,BEN,2002,Arable land (% of land area),AG.LND.ARBL.ZS,22.6144022703086
Benin,BEN,2001,Arable land (% of land area),AG.LND.ARBL.ZS,21.7275629655906
Benin,BEN,2000,Arable land (% of land area),AG.LND.ARBL.ZS,21.106775452288
Benin,BEN,1999,Arable land (% of land area),AG.LND.ARBL.ZS,20.3973040085137
Benin,BEN,1998,Arable land (% of land area),AG.LND.ARBL.ZS,19.9538843561547
Benin,BEN,1997,Arable land (% of land area),AG.LND.ARBL.ZS,18.6236253990777
Benin,BEN,1996,Arable land (% of land area),AG.LND.ARBL.ZS,17.2933664420007
Benin,BEN,1995,Arable land (% of land area),AG.LND.ARBL.ZS,15.8744235544519
Benin,BEN,1994,Arable land (% of land area),AG.LND.ARBL.ZS,15.0762681802057
Benin,BEN,1993,Arable land (% of land area),AG.LND.ARBL.ZS,14.6328485278468
Benin,BEN,1992,Arable land (% of land area),AG.LND.ARBL.ZS,14.4554806669032
Benin,BEN,1991,Arable land (% of land area),AG.LND.ARBL.ZS,14.3667967364314
Benin,BEN,1990,Arable land (% of land area),AG.LND.ARBL.ZS,14.3224547711955
Benin,BEN,1989,Arable land (% of land area),AG.LND.ARBL.ZS,14.3667967364314
Benin,BEN,1988,Arable land (% of land area),AG.LND.ARBL.ZS,14.2781128059596
Benin,BEN,1987,Arable land (% of land area),AG.LND.ARBL.ZS,14.1894288754878
Benin,BEN,1986,Arable land (% of land area),AG.LND.ARBL.ZS,14.100744945016
Benin,BEN,1985,Arable land (% of land area),AG.LND.ARBL.ZS,14.0120610145442
Benin,BEN,1984,Arable land (% of land area),AG.LND.ARBL.ZS,13.9233770840724
Benin,BEN,1983,Arable land (% of land area),AG.LND.ARBL.ZS,13.8346931536006
Benin,BEN,1982,Arable land (% of land area),AG.LND.ARBL.ZS,13.7460092231288
Benin,BEN,1981,Arable land (% of land area),AG.LND.ARBL.ZS,13.5686413621852
Benin,BEN,1980,Arable land (% of land area),AG.LND.ARBL.ZS,13.3025895707698
Benin,BEN,1979,Arable land (% of land area),AG.LND.ARBL.ZS,13.0365377793544
Benin,BEN,1978,Arable land (% of land area),AG.LND.ARBL.ZS,12.8591699184108
Benin,BEN,1977,Arable land (% of land area),AG.LND.ARBL.ZS,12.6818020574672
Benin,BEN,1976,Arable land (% of land area),AG.LND.ARBL.ZS,12.4157502660518
Benin,BEN,1975,Arable land (% of land area),AG.LND.ARBL.ZS,12.1496984746364
Benin,BEN,1974,Arable land (% of land area),AG.LND.ARBL.ZS,11.7949627527492
Benin,BEN,1973,Arable land (% of land area),AG.LND.ARBL.ZS,11.5289109613338
Benin,BEN,1972,Arable land (% of land area),AG.LND.ARBL.ZS,11.3515431003902
Benin,BEN,1971,Arable land (% of land area),AG.LND.ARBL.ZS,11.0854913089748
Benin,BEN,1970,Arable land (% of land area),AG.LND.ARBL.ZS,10.6420716566158
Benin,BEN,1969,Arable land (% of land area),AG.LND.ARBL.ZS,10.4647037956722
Benin,BEN,1968,Arable land (% of land area),AG.LND.ARBL.ZS,9.75523235189783
Benin,BEN,1967,Arable land (% of land area),AG.LND.ARBL.ZS,9.48918056048244
Benin,BEN,1966,Arable land (% of land area),AG.LND.ARBL.ZS,9.13444483859525
Benin,BEN,1965,Arable land (% of land area),AG.LND.ARBL.ZS,8.86839304717985
Benin,BEN,1964,Arable land (% of land area),AG.LND.ARBL.ZS,8.69102518623625
Benin,BEN,1963,Arable land (% of land area),AG.LND.ARBL.ZS,8.51365732529266
Benin,BEN,1962,Arable land (% of land area),AG.LND.ARBL.ZS,8.33628946434906
Benin,BEN,1961,Arable land (% of land area),AG.LND.ARBL.ZS,8.15892160340546
Benin,BEN,2015,Rural land area where elevation is below 5 meters (sq. km),AG.LND.EL5M.RU.K2,1070.03525931
Benin,BEN,2000,Rural land area where elevation is below 5 meters (sq. km),AG.LND.EL5M.RU.K2,1137.08317904
Benin,BEN,1990,Rural land area where elevation is below 5 meters (sq. km),AG.LND.EL5M.RU.K2,1183.72758408
Benin,BEN,2015,Rural land area where elevation is below 5 meters (% of total land area),AG.LND.EL5M.RU.ZS,0.924860200762928
Benin,BEN,2000,Rural land area where elevation is below 5 meters (% of total land area),AG.LND.EL5M.RU.ZS,0.98281151774735
Benin,BEN,1990,Rural land area where elevation is below 5 meters (% of total land area),AG.LND.EL5M.RU.ZS,1.02312752924293
Benin,BEN,2015,Urban land area where elevation is below 5 meters (sq. km),AG.LND.EL5M.UR.K2,247.000451546
Benin,BEN,2000,Urban land area where elevation is below 5 meters (sq. km),AG.LND.EL5M.UR.K2,179.9525318152
Benin,BEN,1990,Urban land area where elevation is below 5 meters (sq. km),AG.LND.EL5M.UR.K2,133.3081267786
Benin,BEN,2015,Urban land area where elevation is below 5 meters (% of total land area),AG.LND.EL5M.UR.ZS,0.213489121239495
Benin,BEN,2000,Urban land area where elevation is below 5 meters (% of total land area),AG.LND.EL5M.UR.ZS,0.155537804248491
Benin,BEN,1990,Urban land area where elevation is below 5 meters (% of total land area),AG.LND.EL5M.UR.ZS,0.115221792761546
Benin,BEN,2015,Land area where elevation is below 5 meters (% of total land area),AG.LND.EL5M.ZS,1.13834932200242
Benin,BEN,2000,Land area where elevation is below 5 meters (% of total land area),AG.LND.EL5M.ZS,1.13834932199584
Benin,BEN,1990,Land area where elevation is below 5 meters (% of total land area),AG.LND.EL5M.ZS,1.13834932200447
Benin,BEN,2022,Forest area (sq. km),AG.LND.FRST.K2,30351.5
Benin,BEN,2021,Forest area (sq. km),AG.LND.FRST.K2,30851.5
Benin,BEN,2020,Forest area (sq. km),AG.LND.FRST.K2,31351.5
Benin,BEN,2019,Forest area (sq. km),AG.LND.FRST.K2,31851.5
Benin,BEN,2018,Forest area (sq. km),AG.LND.FRST.K2,32351.5
Benin,BEN,2017,Forest area (sq. km),AG.LND.FRST.K2,32851.5
Benin,BEN,2016,Forest area (sq. km),AG.LND.FRST.K2,33351.5
Benin,BEN,2015,Forest area (sq. km),AG.LND.FRST.K2,33851.5
Benin,BEN,2014,Forest area (sq. km),AG.LND.FRST.K2,34351.5
Benin,BEN,2013,Forest area (sq. km),AG.LND.FRST.K2,34851.5
Benin,BEN,2012,Forest area (sq. km),AG.LND.FRST.K2,35351.5
Benin,BEN,2011,Forest area (sq. km),AG.LND.FRST.K2,35851.5
Benin,BEN,2010,Forest area (sq. km),AG.LND.FRST.K2,36351.5
Benin,BEN,2009,Forest area (sq. km),AG.LND.FRST.K2,36851.5
Benin,BEN,2008,Forest area (sq. km),AG.LND.FRST.K2,37351.5
Benin,BEN,2007,Forest area (sq. km),AG.LND.FRST.K2,37851.5
Benin,BEN,2006,Forest area (sq. km),AG.LND.FRST.K2,38351.5
Benin,BEN,2005,Forest area (sq. km),AG.LND.FRST.K2,38851.5
Benin,BEN,2004,Forest area (sq. km),AG.LND.FRST.K2,39351.5
Benin,BEN,2003,Forest area (sq. km),AG.LND.FRST.K2,39851.5
Benin,BEN,2002,Forest area (sq. km),AG.LND.FRST.K2,40351.5
Benin,BEN,2001,Forest area (sq. km),AG.LND.FRST.K2,40851.5
Benin,BEN,2000,Forest area (sq. km),AG.LND.FRST.K2,41351.5
Benin,BEN,1999,Forest area (sq. km),AG.LND.FRST.K2,42051.5
Benin,BEN,1998,Forest area (sq. km),AG.LND.FRST.K2,42751.5
Benin,BEN,1997,Forest area (sq. km),AG.LND.FRST.K2,43451.5
Benin,BEN,1996,Forest area (sq. km),AG.LND.FRST.K2,44151.5
Benin,BEN,1995,Forest area (sq. km),AG.LND.FRST.K2,44851.5
Benin,BEN,1994,Forest area (sq. km),AG.LND.FRST.K2,45551.5
Benin,BEN,1993,Forest area (sq. km),AG.LND.FRST.K2,46251.5
Benin,BEN,1992,Forest area (sq. km),AG.LND.FRST.K2,46951.5
Benin,BEN,1991,Forest area (sq. km),AG.LND.FRST.K2,47651.5
Benin,BEN,1990,Forest area (sq. km),AG.LND.FRST.K2,48351.5
Benin,BEN,2022,Forest area (% of land area),AG.LND.FRST.ZS,26.9169031571479
Benin,BEN,2021,Forest area (% of land area),AG.LND.FRST.ZS,27.3603228095069
Benin,BEN,2020,Forest area (% of land area),AG.LND.FRST.ZS,27.8037424618659
Benin,BEN,2019,Forest area (% of land area),AG.LND.FRST.ZS,28.2471621142249
Benin,BEN,2018,Forest area (% of land area),AG.LND.FRST.ZS,28.6905817665839
Benin,BEN,2017,Forest area (% of land area),AG.LND.FRST.ZS,29.1340014189429
Benin,BEN,2016,Forest area (% of land area),AG.LND.FRST.ZS,29.5774210713019
Benin,BEN,2015,Forest area (% of land area),AG.LND.FRST.ZS,30.0208407236609
Benin,BEN,2014,Forest area (% of land area),AG.LND.FRST.ZS,30.4642603760199
Benin,BEN,2013,Forest area (% of land area),AG.LND.FRST.ZS,30.9076800283789
Benin,BEN,2012,Forest area (% of land area),AG.LND.FRST.ZS,31.3510996807378
Benin,BEN,2011,Forest area (% of land area),AG.LND.FRST.ZS,31.7945193330968
Benin,BEN,2010,Forest area (% of land area),AG.LND.FRST.ZS,32.2379389854558
Benin,BEN,2009,Forest area (% of land area),AG.LND.FRST.ZS,32.6813586378148
Benin,BEN,2008,Forest area (% of land area),AG.LND.FRST.ZS,33.1247782901738
Benin,BEN,2007,Forest area (% of land area),AG.LND.FRST.ZS,33.5681979425328
Benin,BEN,2006,Forest area (% of land area),AG.LND.FRST.ZS,34.0116175948918
Benin,BEN,2005,Forest area (% of land area),AG.LND.FRST.ZS,34.4550372472508
Benin,BEN,2004,Forest area (% of land area),AG.LND.FRST.ZS,34.8984568996098
Benin,BEN,2003,Forest area (% of land area),AG.LND.FRST.ZS,35.3418765519688
Benin,BEN,2002,Forest area (% of land area),AG.LND.FRST.ZS,35.7852962043278
Benin,BEN,2001,Forest area (% of land area),AG.LND.FRST.ZS,36.2287158566868
Benin,BEN,2000,Forest area (% of land area),AG.LND.FRST.ZS,36.6721355090458
Benin,BEN,1999,Forest area (% of land area),AG.LND.FRST.ZS,37.2929230223484
Benin,BEN,1998,Forest area (% of land area),AG.LND.FRST.ZS,37.9137105356509
Benin,BEN,1997,Forest area (% of land area),AG.LND.FRST.ZS,38.5344980489535
Benin,BEN,1996,Forest area (% of land area),AG.LND.FRST.ZS,39.1552855622561
Benin,BEN,1995,Forest area (% of land area),AG.LND.FRST.ZS,39.7760730755587
Benin,BEN,1994,Forest area (% of land area),AG.LND.FRST.ZS,40.3968605888613
Benin,BEN,1993,Forest area (% of land area),AG.LND.FRST.ZS,41.0176481021639
Benin,BEN,1992,Forest area (% of land area),AG.LND.FRST.ZS,41.6384356154665
Benin,BEN,1991,Forest area (% of land area),AG.LND.FRST.ZS,42.2592231287691
Benin,BEN,1990,Forest area (% of land area),AG.LND.FRST.ZS,42.8800106420717
Benin,BEN,2019,Agricultural irrigated land (% of total agricultural land),AG.LND.IRIG.AG.ZS,1.34177215189873
Benin,BEN,2017,Agricultural irrigated land (% of total agricultural land),AG.LND.IRIG.AG.ZS,0.435443037974684
Benin,BEN,2012,Agricultural irrigated land (% of total agricultural land),AG.LND.IRIG.AG.ZS,0.458666666666667
Benin,BEN,2007,Agricultural irrigated land (% of total agricultural land),AG.LND.IRIG.AG.ZS,0.474626865671642
Benin,BEN,2002,Agricultural irrigated land (% of total agricultural land),AG.LND.IRIG.AG.ZS,0.276374442793462
Benin,BEN,2021,Average precipitation in depth (mm per year),AG.LND.PRCP.MM,1039
Benin,BEN,2020,Average precipitation in depth (mm per year),AG.LND.PRCP.MM,1039
Benin,BEN,2019,Average precipitation in depth (mm per year),AG.LND.PRCP.MM,1039
Benin,BEN,2018,Average precipitation in depth (mm per year),AG.LND.PRCP.MM,1039
Benin,BEN,2017,Average precipitation in depth (mm per year),AG.LND.PRCP.MM,1039
Benin,BEN,2016,Average precipitation in depth (mm per year),AG.LND.PRCP.MM,1039
Benin,BEN,2015,Average precipitation in depth (mm per year),AG.LND.PRCP.MM,1039
Benin,BEN,2014,Average precipitation in depth (mm per year),AG.LND.PRCP.MM,1039
Benin,BEN,2013,Average precipitation in depth (mm per year),AG.LND.PRCP.MM,1039
Benin,BEN,2012,Average precipitation in depth (mm per year),AG.LND.PRCP.MM,1039
Benin,BEN,2011,Average precipitation in depth (mm per year),AG.LND.PRCP.MM,1039
Benin,BEN,2010,Average precipitation in depth (mm per year),AG.LND.PRCP.MM,1039
Benin,BEN,2009,Average precipitation in depth (mm per year),AG.LND.PRCP.MM,1039
Benin,BEN,2008,Average precipitation in depth (mm per year),AG.LND.PRCP.MM,1039
Benin,BEN,2007,Average precipitation in depth (mm per year),AG.LND.PRCP.MM,1039
Benin,BEN,2006,Average precipitation in depth (mm per year),AG.LND.PRCP.MM,1039
Benin,BEN,2005,Average precipitation in depth (mm per year),AG.LND.PRCP.MM,1039
Benin,BEN,2004,Average precipitation in depth (mm per year),AG.LND.PRCP.MM,1039
Benin,BEN,2003,Average precipitation in depth (mm per year),AG.LND.PRCP.MM,1039
Benin,BEN,2002,Average precipitation in depth (mm per year),AG.LND.PRCP.MM,1039
Benin,BEN,2001,Average precipitation in depth (mm per year),AG.LND.PRCP.MM,1039
Benin,BEN,2000,Average precipitation in depth (mm per year),AG.LND.PRCP.MM,1039
Benin,BEN,1999,Average precipitation in depth (mm per year),AG.LND.PRCP.MM,1039
Benin,BEN,1998,Average precipitation in depth (mm per year),AG.LND.PRCP.MM,1039
Benin,BEN,1997,Average precipitation in depth (mm per year),AG.LND.PRCP.MM,1039
Benin,BEN,1996,Average precipitation in depth (mm per year),AG.LND.PRCP.MM,1039
Benin,BEN,1995,Average precipitation in depth (mm per year),AG.LND.PRCP.MM,1039
Benin,BEN,1994,Average precipitation in depth (mm per year),AG.LND.PRCP.MM,1039
Benin,BEN,1993,Average precipitation in depth (mm per year),AG.LND.PRCP.MM,1039
Benin,BEN,1992,Average precipitation in depth (mm per year),AG.LND.PRCP.MM,1039
Benin,BEN,1991,Average precipitation in depth (mm per year),AG.LND.PRCP.MM,1039
Benin,BEN,1990,Average precipitation in depth (mm per year),AG.LND.PRCP.MM,1039
Benin,BEN,1989,Average precipitation in depth (mm per year),AG.LND.PRCP.MM,1039
Benin,BEN,1988,Average precipitation in depth (mm per year),AG.LND.PRCP.MM,1039
Benin,BEN,1987,Average precipitation in depth (mm per year),AG.LND.PRCP.MM,1039
Benin,BEN,1986,Average precipitation in depth (mm per year),AG.LND.PRCP.MM,1039
Benin,BEN,1985,Average precipitation in depth (mm per year),AG.LND.PRCP.MM,1039
Benin,BEN,1984,Average precipitation in depth (mm per year),AG.LND.PRCP.MM,1039
Benin,BEN,1983,Average precipitation in depth (mm per year),AG.LND.PRCP.MM,1039
Benin,BEN,1982,Average precipitation in depth (mm per year),AG.LND.PRCP.MM,1039
Benin,BEN,1981,Average precipitation in depth (mm per year),AG.LND.PRCP.MM,1039
Benin,BEN,1980,Average precipitation in depth (mm per year),AG.LND.PRCP.MM,1039
Benin,BEN,1979,Average precipitation in depth (mm per year),AG.LND.PRCP.MM,1039
Benin,BEN,1978,Average precipitation in depth (mm per year),AG.LND.PRCP.MM,1039
Benin,BEN,1977,Average precipitation in depth (mm per year),AG.LND.PRCP.MM,1039
Benin,BEN,1976,Average precipitation in depth (mm per year),AG.LND.PRCP.MM,1039
Benin,BEN,1975,Average precipitation in depth (mm per year),AG.LND.PRCP.MM,1039
Benin,BEN,1974,Average precipitation in depth (mm per year),AG.LND.PRCP.MM,1039
Benin,BEN,1973,Average precipitation in depth (mm per year),AG.LND.PRCP.MM,1039
Benin,BEN,1972,Average precipitation in depth (mm per year),AG.LND.PRCP.MM,1039
Benin,BEN,1971,Average precipitation in depth (mm per year),AG.LND.PRCP.MM,1039
Benin,BEN,1970,Average precipitation in depth (mm per year),AG.LND.PRCP.MM,1039
Benin,BEN,1969,Average precipitation in depth (mm per year),AG.LND.PRCP.MM,1039
Benin,BEN,1968,Average precipitation in depth (mm per year),AG.LND.PRCP.MM,1039
Benin,BEN,1967,Average precipitation in depth (mm per year),AG.LND.PRCP.MM,1039
Benin,BEN,1966,Average precipitation in depth (mm per year),AG.LND.PRCP.MM,1039
Benin,BEN,1965,Average precipitation in depth (mm per year),AG.LND.PRCP.MM,1039
Benin,BEN,1964,Average precipitation in depth (mm per year),AG.LND.PRCP.MM,1039
Benin,BEN,1963,Average precipitation in depth (mm per year),AG.LND.PRCP.MM,1039
Benin,BEN,1962,Average precipitation in depth (mm per year),AG.LND.PRCP.MM,1039
Benin,BEN,1961,Average precipitation in depth (mm per year),AG.LND.PRCP.MM,1039
Benin,BEN,2022,Cereal yield (kg per hectare),AG.YLD.CREL.KG,1361.5
Benin,BEN,2021,Cereal yield (kg per hectare),AG.YLD.CREL.KG,1408.6
Benin,BEN,2020,Cereal yield (kg per hectare),AG.YLD.CREL.KG,1432.8
Benin,BEN,2019,Cereal yield (kg per hectare),AG.YLD.CREL.KG,1238.3
Benin,BEN,2018,Cereal yield (kg per hectare),AG.YLD.CREL.KG,1428.5
Benin,BEN,2017,Cereal yield (kg per hectare),AG.YLD.CREL.KG,1405.4
Benin,BEN,2016,Cereal yield (kg per hectare),AG.YLD.CREL.KG,1455.9
Benin,BEN,2015,Cereal yield (kg per hectare),AG.YLD.CREL.KG,1336.7
Benin,BEN,2014,Cereal yield (kg per hectare),AG.YLD.CREL.KG,1460.3
Benin,BEN,2013,Cereal yield (kg per hectare),AG.YLD.CREL.KG,1479.6
Benin,BEN,2012,Cereal yield (kg per hectare),AG.YLD.CREL.KG,1373.2
Benin,BEN,2011,Cereal yield (kg per hectare),AG.YLD.CREL.KG,1517.8
Benin,BEN,2010,Cereal yield (kg per hectare),AG.YLD.CREL.KG,1200.6
Benin,BEN,2009,Cereal yield (kg per hectare),AG.YLD.CREL.KG,1423.5
Benin,BEN,2008,Cereal yield (kg per hectare),AG.YLD.CREL.KG,1158.7
Benin,BEN,2007,Cereal yield (kg per hectare),AG.YLD.CREL.KG,1286
Benin,BEN,2006,Cereal yield (kg per hectare),AG.YLD.CREL.KG,1190.5
Benin,BEN,2005,Cereal yield (kg per hectare),AG.YLD.CREL.KG,1136.4
Benin,BEN,2004,Cereal yield (kg per hectare),AG.YLD.CREL.KG,1146
Benin,BEN,2003,Cereal yield (kg per hectare),AG.YLD.CREL.KG,1148.7
Benin,BEN,2002,Cereal yield (kg per hectare),AG.YLD.CREL.KG,1131.1
Benin,BEN,2001,Cereal yield (kg per hectare),AG.YLD.CREL.KG,1069.3
Benin,BEN,2000,Cereal yield (kg per hectare),AG.YLD.CREL.KG,1102.1
Benin,BEN,1999,Cereal yield (kg per hectare),AG.YLD.CREL.KG,1162.6
Benin,BEN,1998,Cereal yield (kg per hectare),AG.YLD.CREL.KG,1055.9
Benin,BEN,1997,Cereal yield (kg per hectare),AG.YLD.CREL.KG,1117
Benin,BEN,1996,Cereal yield (kg per hectare),AG.YLD.CREL.KG,1009.6
Benin,BEN,1995,Cereal yield (kg per hectare),AG.YLD.CREL.KG,1086.5
Benin,BEN,1994,Cereal yield (kg per hectare),AG.YLD.CREL.KG,956.9
Benin,BEN,1993,Cereal yield (kg per hectare),AG.YLD.CREL.KG,919.2
Benin,BEN,1992,Cereal yield (kg per hectare),AG.YLD.CREL.KG,913.4
Benin,BEN,1991,Cereal yield (kg per hectare),AG.YLD.CREL.KG,878.6
Benin,BEN,1990,Cereal yield (kg per hectare),AG.YLD.CREL.KG,847.9
Benin,BEN,1989,Cereal yield (kg per hectare),AG.YLD.CREL.KG,853.7
Benin,BEN,1988,Cereal yield (kg per hectare),AG.YLD.CREL.KG,834.7
Benin,BEN,1987,Cereal yield (kg per hectare),AG.YLD.CREL.KG,725.1
Benin,BEN,1986,Cereal yield (kg per hectare),AG.YLD.CREL.KG,836.2
Benin,BEN,1985,Cereal yield (kg per hectare),AG.YLD.CREL.KG,855.8
Benin,BEN,1984,Cereal yield (kg per hectare),AG.YLD.CREL.KG,799.1
Benin,BEN,1983,Cereal yield (kg per hectare),AG.YLD.CREL.KG,599.9
Benin,BEN,1982,Cereal yield (kg per hectare),AG.YLD.CREL.KG,649.5
Benin,BEN,1981,Cereal yield (kg per hectare),AG.YLD.CREL.KG,653.8
Benin,BEN,1980,Cereal yield (kg per hectare),AG.YLD.CREL.KG,718.3
Benin,BEN,1979,Cereal yield (kg per hectare),AG.YLD.CREL.KG,720.9
Benin,BEN,1978,Cereal yield (kg per hectare),AG.YLD.CREL.KG,741.1
Benin,BEN,1977,Cereal yield (kg per hectare),AG.YLD.CREL.KG,754
Benin,BEN,1976,Cereal yield (kg per hectare),AG.YLD.CREL.KG,724.6
Benin,BEN,1975,Cereal yield (kg per hectare),AG.YLD.CREL.KG,739.3
Benin,BEN,1974,Cereal yield (kg per hectare),AG.YLD.CREL.KG,707.9
Benin,BEN,1973,Cereal yield (kg per hectare),AG.YLD.CREL.KG,687.7
Benin,BEN,1972,Cereal yield (kg per hectare),AG.YLD.CREL.KG,555.8
Benin,BEN,1971,Cereal yield (kg per hectare),AG.YLD.CREL.KG,532.7
Benin,BEN,1970,Cereal yield (kg per hectare),AG.YLD.CREL.KG,577.1
Benin,BEN,1969,Cereal yield (kg per hectare),AG.YLD.CREL.KG,556.8
Benin,BEN,1968,Cereal yield (kg per hectare),AG.YLD.CREL.KG,573.8
Benin,BEN,1967,Cereal yield (kg per hectare),AG.YLD.CREL.KG,577.5
Benin,BEN,1966,Cereal yield (kg per hectare),AG.YLD.CREL.KG,531.8
Benin,BEN,1965,Cereal yield (kg per hectare),AG.YLD.CREL.KG,551.5
Benin,BEN,1964,Cereal yield (kg per hectare),AG.YLD.CREL.KG,529.3
Benin,BEN,1963,Cereal yield (kg per hectare),AG.YLD.CREL.KG,503.5
Benin,BEN,1962,Cereal yield (kg per hectare),AG.YLD.CREL.KG,489.9
Benin,BEN,1961,Cereal yield (kg per hectare),AG.YLD.CREL.KG,546.1
Benin,BEN,2023,"Foreign direct investment, net inflows (% of GDP)",BX.KLT.DINV.WD.GD.ZS,2.2049716807008
Benin,BEN,2022,"Foreign direct investment, net inflows (% of GDP)",BX.KLT.DINV.WD.GD.ZS,2.16063891256477
Benin,BEN,2021,"Foreign direct investment, net inflows (% of GDP)",BX.KLT.DINV.WD.GD.ZS,1.95581459686265
Benin,BEN,2020,"Foreign direct investment, net inflows (% of GDP)",BX.KLT.DINV.WD.GD.ZS,1.11183879764369
Benin,BEN,2019,"Foreign direct investment, net inflows (% of GDP)",BX.KLT.DINV.WD.GD.ZS,1.51620780935646
Benin,BEN,2018,"Foreign direct investment, net inflows (% of GDP)",BX.KLT.DINV.WD.GD.ZS,1.36073573349143
Benin,BEN,2017,"Foreign direct investment, net inflows (% of GDP)",BX.KLT.DINV.WD.GD.ZS,1.58170495079138
Benin,BEN,2016,"Foreign direct investment, net inflows (% of GDP)",BX.KLT.DINV.WD.GD.ZS,1.11488131010687
Benin,BEN,2015,"Foreign direct investment, net inflows (% of GDP)",BX.KLT.DINV.WD.GD.ZS,1.31501182120876
Benin,BEN,2014,"Foreign direct investment, net inflows (% of GDP)",BX.KLT.DINV.WD.GD.ZS,3.05420993262565
Benin,BEN,2013,"Foreign direct investment, net inflows (% of GDP)",BX.KLT.DINV.WD.GD.ZS,2.87863747034178
Benin,BEN,2012,"Foreign direct investment, net inflows (% of GDP)",BX.KLT.DINV.WD.GD.ZS,2.52705777534964
Benin,BEN,2011,"Foreign direct investment, net inflows (% of GDP)",BX.KLT.DINV.WD.GD.ZS,1.50844050449931
Benin,BEN,2010,"Foreign direct investment, net inflows (% of GDP)",BX.KLT.DINV.WD.GD.ZS,0.561144748003047
Benin,BEN,2009,"Foreign direct investment, net inflows (% of GDP)",BX.KLT.DINV.WD.GD.ZS,-0.193121764606276
Benin,BEN,2008,"Foreign direct investment, net inflows (% of GDP)",BX.KLT.DINV.WD.GD.ZS,0.492562990177947
Benin,BEN,2007,"Foreign direct investment, net inflows (% of GDP)",BX.KLT.DINV.WD.GD.ZS,1.70386973478895
Benin,BEN,2006,"Foreign direct investment, net inflows (% of GDP)",BX.KLT.DINV.WD.GD.ZS,-0.175764667500162
Benin,BEN,2005,"Foreign direct investment, net inflows (% of GDP)",BX.KLT.DINV.WD.GD.ZS,-0.133820369489742
Benin,BEN,2004,"Foreign direct investment, net inflows (% of GDP)",BX.KLT.DINV.WD.GD.ZS,-0.658688596039682
Benin,BEN,2003,"Foreign direct investment, net inflows (% of GDP)",BX.KLT.DINV.WD.GD.ZS,0.198870349303422
Benin,BEN,2002,"Foreign direct investment, net inflows (% of GDP)",BX.KLT.DINV.WD.GD.ZS,-0.462423415216642
Benin,BEN,2001,"Foreign direct investment, net inflows (% of GDP)",BX.KLT.DINV.WD.GD.ZS,0.456588183737808
Benin,BEN,2000,"Foreign direct investment, net inflows (% of GDP)",BX.KLT.DINV.WD.GD.ZS,-0.36349075931042
Benin,BEN,1999,"Foreign direct investment, net inflows (% of GDP)",BX.KLT.DINV.WD.GD.ZS,0.253298446675962
Benin,BEN,1998,"Foreign direct investment, net inflows (% of GDP)",BX.KLT.DINV.WD.GD.ZS,0.46002921041369
Benin,BEN,1997,"Foreign direct investment, net inflows (% of GDP)",BX.KLT.DINV.WD.GD.ZS,0.537109663360586
Benin,BEN,1996,"Foreign direct investment, net inflows (% of GDP)",BX.KLT.DINV.WD.GD.ZS,-0.620945814843519
Benin,BEN,1995,"Foreign direct investment, net inflows (% of GDP)",BX.KLT.DINV.WD.GD.ZS,-0.356668640063887
Benin,BEN,1994,"Foreign direct investment, net inflows (% of GDP)",BX.KLT.DINV.WD.GD.ZS,-0.444751623578263
Benin,BEN,1993,"Foreign direct investment, net inflows (% of GDP)",BX.KLT.DINV.WD.GD.ZS,-0.951216875624251
Benin,BEN,1992,"Foreign direct investment, net inflows (% of GDP)",BX.KLT.DINV.WD.GD.ZS,0.056291442095627
Benin,BEN,1991,"Foreign direct investment, net inflows (% of GDP)",BX.KLT.DINV.WD.GD.ZS,0.0198255555852336
Benin,BEN,1990,"Foreign direct investment, net inflows (% of GDP)",BX.KLT.DINV.WD.GD.ZS,-0.150760018353931
Benin,BEN,1989,"Foreign direct investment, net inflows (% of GDP)",BX.KLT.DINV.WD.GD.ZS,-0.0744505328917815
Benin,BEN,1988,"Foreign direct investment, net inflows (% of GDP)",BX.KLT.DINV.WD.GD.ZS,-1.3369598677605
Benin,BEN,1987,"Foreign direct investment, net inflows (% of GDP)",BX.KLT.DINV.WD.GD.ZS,0.00640035953471579
Benin,BEN,1986,"Foreign direct investment, net inflows (% of GDP)",BX.KLT.DINV.WD.GD.ZS,0.0823290421830946
Benin,BEN,1985,"Foreign direct investment, net inflows (% of GDP)",BX.KLT.DINV.WD.GD.ZS,-0.00860656969427103
Benin,BEN,1984,"Foreign direct investment, net inflows (% of GDP)",BX.KLT.DINV.WD.GD.ZS,0.00108861307898807
Benin,BEN,1983,"Foreign direct investment, net inflows (% of GDP)",BX.KLT.DINV.WD.GD.ZS,0.000958313376674838
Benin,BEN,1982,"Foreign direct investment, net inflows (% of GDP)",BX.KLT.DINV.WD.GD.ZS,-0.000960153628916556
Benin,BEN,1981,"Foreign direct investment, net inflows (% of GDP)",BX.KLT.DINV.WD.GD.ZS,0.161898100527333
Benin,BEN,1980,"Foreign direct investment, net inflows (% of GDP)",BX.KLT.DINV.WD.GD.ZS,0.307173113226367
Benin,BEN,1979,"Foreign direct investment, net inflows (% of GDP)",BX.KLT.DINV.WD.GD.ZS,0.300788216101374
Benin,BEN,1978,"Foreign direct investment, net inflows (% of GDP)",BX.KLT.DINV.WD.GD.ZS,0.0811072679807101
Benin,BEN,1977,"Foreign direct investment, net inflows (% of GDP)",BX.KLT.DINV.WD.GD.ZS,0.416775214145626
Benin,BEN,1976,"Foreign direct investment, net inflows (% of GDP)",BX.KLT.DINV.WD.GD.ZS,0.351140007882187
Benin,BEN,1975,"Foreign direct investment, net inflows (% of GDP)",BX.KLT.DINV.WD.GD.ZS,0.279190960980148
Benin,BEN,1974,"Foreign direct investment, net inflows (% of GDP)",BX.KLT.DINV.WD.GD.ZS,-0.422446550980961
Benin,BEN,1973,"Foreign direct investment, net inflows (% of GDP)",BX.KLT.DINV.WD.GD.ZS,0.69392665099164
Benin,BEN,1972,"Foreign direct investment, net inflows (% of GDP)",BX.KLT.DINV.WD.GD.ZS,1.16978485053446
Benin,BEN,1971,"Foreign direct investment, net inflows (% of GDP)",BX.KLT.DINV.WD.GD.ZS,0.835638702567895
Benin,BEN,1970,"Foreign direct investment, net inflows (% of GDP)",BX.KLT.DINV.WD.GD.ZS,2.00822645391888
Benin,BEN,2022,Access to electricity (% of population),EG.ELC.ACCS.ZS,56.5
Benin,BEN,2021,Access to electricity (% of population),EG.ELC.ACCS.ZS,42
Benin,BEN,2020,Access to electricity (% of population),EG.ELC.ACCS.ZS,41
Benin,BEN,2019,Access to electricity (% of population),EG.ELC.ACCS.ZS,40
Benin,BEN,2018,Access to electricity (% of population),EG.ELC.ACCS.ZS,39
Benin,BEN,2017,Access to electricity (% of population),EG.ELC.ACCS.ZS,34.5
Benin,BEN,2016,Access to electricity (% of population),EG.ELC.ACCS.ZS,37
Benin,BEN,2015,Access to electricity (% of population),EG.ELC.ACCS.ZS,29.6
Benin,BEN,2014,Access to electricity (% of population),EG.ELC.ACCS.ZS,34.1
Benin,BEN,2013,Access to electricity (% of population),EG.ELC.ACCS.ZS,34.7
Benin,BEN,2012,Access to electricity (% of population),EG.ELC.ACCS.ZS,38.4
Benin,BEN,2011,Access to electricity (% of population),EG.ELC.ACCS.ZS,36.9
Benin,BEN,2010,Access to electricity (% of population),EG.ELC.ACCS.ZS,34.2
Benin,BEN,2009,Access to electricity (% of population),EG.ELC.ACCS.ZS,30
Benin,BEN,2008,Access to electricity (% of population),EG.ELC.ACCS.ZS,29
Benin,BEN,2007,Access to electricity (% of population),EG.ELC.ACCS.ZS,28
Benin,BEN,2006,Access to electricity (% of population),EG.ELC.ACCS.ZS,27.9
Benin,BEN,2005,Access to electricity (% of population),EG.ELC.ACCS.ZS,26.1
Benin,BEN,2004,Access to electricity (% of population),EG.ELC.ACCS.ZS,25.2
Benin,BEN,2003,Access to electricity (% of population),EG.ELC.ACCS.ZS,24.3
Benin,BEN,2002,Access to electricity (% of population),EG.ELC.ACCS.ZS,23.4
Benin,BEN,2001,Access to electricity (% of population),EG.ELC.ACCS.ZS,21.9
Benin,BEN,2000,Access to electricity (% of population),EG.ELC.ACCS.ZS,21.5
Benin,BEN,1999,Access to electricity (% of population),EG.ELC.ACCS.ZS,20.5620422363281
Benin,BEN,1998,Access to electricity (% of population),EG.ELC.ACCS.ZS,19.578254699707
Benin,BEN,1997,Access to electricity (% of population),EG.ELC.ACCS.ZS,18.5896263122559
Benin,BEN,1996,Access to electricity (% of population),EG.ELC.ACCS.ZS,14.5
Benin,BEN,2021,Renewable energy consumption (% of total final energy consumption),EG.FEC.RNEW.ZS,54.5
Benin,BEN,2020,Renewable energy consumption (% of total final energy consumption),EG.FEC.RNEW.ZS,46.2
Benin,BEN,2019,Renewable energy consumption (% of total final energy consumption),EG.FEC.RNEW.ZS,46.5
Benin,BEN,2018,Renewable energy consumption (% of total final energy consumption),EG.FEC.RNEW.ZS,44
Benin,BEN,2017,Renewable energy consumption (% of total final energy consumption),EG.FEC.RNEW.ZS,45.4
Benin,BEN,2016,Renewable energy consumption (% of total final energy consumption),EG.FEC.RNEW.ZS,45.4
Benin,BEN,2015,Renewable energy consumption (% of total final energy consumption),EG.FEC.RNEW.ZS,49.9
Benin,BEN,2014,Renewable energy consumption (% of total final energy consumption),EG.FEC.RNEW.ZS,51
Benin,BEN,2013,Renewable energy consumption (% of total final energy consumption),EG.FEC.RNEW.ZS,52
Benin,BEN,2012,Renewable energy consumption (% of total final energy consumption),EG.FEC.RNEW.ZS,50.3
Benin,BEN,2011,Renewable energy consumption (% of total final energy consumption),EG.FEC.RNEW.ZS,48.7
Benin,BEN,2010,Renewable energy consumption (% of total final energy consumption),EG.FEC.RNEW.ZS,47.2
Benin,BEN,2009,Renewable energy consumption (% of total final energy consumption),EG.FEC.RNEW.ZS,52.8
Benin,BEN,2008,Renewable energy consumption (% of total final energy consumption),EG.FEC.RNEW.ZS,54.8
Benin,BEN,2007,Renewable energy consumption (% of total final energy consumption),EG.FEC.RNEW.ZS,54.5
Benin,BEN,2006,Renewable energy consumption (% of total final energy consumption),EG.FEC.RNEW.ZS,57.3
Benin,BEN,2005,Renewable energy consumption (% of total final energy consumption),EG.FEC.RNEW.ZS,59.2
Benin,BEN,2004,Renewable energy consumption (% of total final energy consumption),EG.FEC.RNEW.ZS,60.7
Benin,BEN,2003,Renewable energy consumption (% of total final energy consumption),EG.FEC.RNEW.ZS,61.7
Benin,BEN,2002,Renewable energy consumption (% of total final energy consumption),EG.FEC.RNEW.ZS,64
Benin,BEN,2001,Renewable energy consumption (% of total final energy consumption),EG.FEC.RNEW.ZS,66.9
Benin,BEN,2000,Renewable energy consumption (% of total final energy consumption),EG.FEC.RNEW.ZS,70.3
Benin,BEN,1999,Renewable energy consumption (% of total final energy consumption),EG.FEC.RNEW.ZS,76.9
Benin,BEN,1998,Renewable energy consumption (% of total final energy consumption),EG.FEC.RNEW.ZS,79.6
Benin,BEN,1997,Renewable energy consumption (% of total final energy consumption),EG.FEC.RNEW.ZS,80.6
Benin,BEN,1996,Renewable energy consumption (% of total final energy consumption),EG.FEC.RNEW.ZS,84.2
Benin,BEN,1995,Renewable energy consumption (% of total final energy consumption),EG.FEC.RNEW.ZS,94.8
Benin,BEN,1994,Renewable energy consumption (% of total final energy consumption),EG.FEC.RNEW.ZS,95
Benin,BEN,1993,Renewable energy consumption (% of total final energy consumption),EG.FEC.RNEW.ZS,95
Benin,BEN,1992,Renewable energy consumption (% of total final energy consumption),EG.FEC.RNEW.ZS,94.8
Benin,BEN,1991,Renewable energy consumption (% of total final energy consumption),EG.FEC.RNEW.ZS,95
Benin,BEN,1990,Renewable energy consumption (% of total final energy consumption),EG.FEC.RNEW.ZS,93.7
Benin,BEN,2009,"Droughts, floods, extreme temperatures (% of population, average 1990-2009)",EN.CLC.MDAT.ZS,0.858274799264925
Benin,BEN,2015,Rural population living in areas where elevation is below 5 meters (% of total population),EN.POP.EL5M.RU.ZS,1.25107700551382
Benin,BEN,2000,Rural population living in areas where elevation is below 5 meters (% of total population),EN.POP.EL5M.RU.ZS,1.63274660913926
Benin,BEN,1990,Rural population living in areas where elevation is below 5 meters (% of total population),EN.POP.EL5M.RU.ZS,2.13407112678336
Benin,BEN,2015,Urban population living in areas where elevation is below 5 meters (% of total population),EN.POP.EL5M.UR.ZS,6.00319532160345
Benin,BEN,2000,Urban population living in areas where elevation is below 5 meters (% of total population),EN.POP.EL5M.UR.ZS,6.32537343293353
Benin,BEN,1990,Urban population living in areas where elevation is below 5 meters (% of total population),EN.POP.EL5M.UR.ZS,6.73388074841247
Benin,BEN,2015,Population living in areas where elevation is below 5 meters (% of total population),EN.POP.EL5M.ZS,7.25427232711728
Benin,BEN,2000,Population living in areas where elevation is below 5 meters (% of total population),EN.POP.EL5M.ZS,7.9581200420728
Benin,BEN,1990,Population living in areas where elevation is below 5 meters (% of total population),EN.POP.EL5M.ZS,8.86795187519582
Benin,BEN,2021,"Annual freshwater withdrawals, total (billion cubic meters)",ER.H2O.FWTL.K3,0.13
Benin,BEN,2020,"Annual freshwater withdrawals, total (billion cubic meters)",ER.H2O.FWTL.K3,0.13
Benin,BEN,2019,"Annual freshwater withdrawals, total (billion cubic meters)",ER.H2O.FWTL.K3,0.13
Benin,BEN,2018,"Annual freshwater withdrawals, total (billion cubic meters)",ER.H2O.FWTL.K3,0.13
Benin,BEN,2017,"Annual freshwater withdrawals, total (billion cubic meters)",ER.H2O.FWTL.K3,0.13
Benin,BEN,2016,"Annual freshwater withdrawals, total (billion cubic meters)",ER.H2O.FWTL.K3,0.13
Benin,BEN,2015,"Annual freshwater withdrawals, total (billion cubic meters)",ER.H2O.FWTL.K3,0.13
Benin,BEN,2014,"Annual freshwater withdrawals, total (billion cubic meters)",ER.H2O.FWTL.K3,0.13
Benin,BEN,2013,"Annual freshwater withdrawals, total (billion cubic meters)",ER.H2O.FWTL.K3,0.13
Benin,BEN,2012,"Annual freshwater withdrawals, total (billion cubic meters)",ER.H2O.FWTL.K3,0.13
Benin,BEN,2011,"Annual freshwater withdrawals, total (billion cubic meters)",ER.H2O.FWTL.K3,0.13
Benin,BEN,2010,"Annual freshwater withdrawals, total (billion cubic meters)",ER.H2O.FWTL.K3,0.13
Benin,BEN,2009,"Annual freshwater withdrawals, total (billion cubic meters)",ER.H2O.FWTL.K3,0.13
Benin,BEN,2008,"Annual freshwater withdrawals, total (billion cubic meters)",ER.H2O.FWTL.K3,0.13
Benin,BEN,2007,"Annual freshwater withdrawals, total (billion cubic meters)",ER.H2O.FWTL.K3,0.13
Benin,BEN,2006,"Annual freshwater withdrawals, total (billion cubic meters)",ER.H2O.FWTL.K3,0.13
Benin,BEN,2005,"Annual freshwater withdrawals, total (billion cubic meters)",ER.H2O.FWTL.K3,0.13
Benin,BEN,2004,"Annual freshwater withdrawals, total (billion cubic meters)",ER.H2O.FWTL.K3,0.13
Benin,BEN,2003,"Annual freshwater withdrawals, total (billion cubic meters)",ER.H2O.FWTL.K3,0.13
Benin,BEN,2002,"Annual freshwater withdrawals, total (billion cubic meters)",ER.H2O.FWTL.K3,0.13
Benin,BEN,2001,"Annual freshwater withdrawals, total (billion cubic meters)",ER.H2O.FWTL.K3,0.13
Benin,BEN,2000,"Annual freshwater withdrawals, total (billion cubic meters)",ER.H2O.FWTL.K3,0.1333482143
Benin,BEN,1999,"Annual freshwater withdrawals, total (billion cubic meters)",ER.H2O.FWTL.K3,0.1366964286
Benin,BEN,1998,"Annual freshwater withdrawals, total (billion cubic meters)",ER.H2O.FWTL.K3,0.1400446429
Benin,BEN,1997,"Annual freshwater withdrawals, total (billion cubic meters)",ER.H2O.FWTL.K3,0.1433928571
Benin,BEN,1996,"Annual freshwater withdrawals, total (billion cubic meters)",ER.H2O.FWTL.K3,0.1467410714
Benin,BEN,1995,"Annual freshwater withdrawals, total (billion cubic meters)",ER.H2O.FWTL.K3,0.1500892857
Benin,BEN,1994,"Annual freshwater withdrawals, total (billion cubic meters)",ER.H2O.FWTL.K3,0.1534375
Benin,BEN,1993,"Annual freshwater withdrawals, total (billion cubic meters)",ER.H2O.FWTL.K3,0.1486
Benin,BEN,1992,"Annual freshwater withdrawals, total (billion cubic meters)",ER.H2O.FWTL.K3,0.1437625
Benin,BEN,1991,"Annual freshwater withdrawals, total (billion cubic meters)",ER.H2O.FWTL.K3,0.138925
Benin,BEN,1990,"Annual freshwater withdrawals, total (billion cubic meters)",ER.H2O.FWTL.K3,0.1340875
Benin,BEN,1989,"Annual freshwater withdrawals, total (billion cubic meters)",ER.H2O.FWTL.K3,0.12927
Benin,BEN,1988,"Annual freshwater withdrawals, total (billion cubic meters)",ER.H2O.FWTL.K3,0.1244525
Benin,BEN,1987,"Annual freshwater withdrawals, total (billion cubic meters)",ER.H2O.FWTL.K3,0.119635
Benin,BEN,1986,"Annual freshwater withdrawals, total (billion cubic meters)",ER.H2O.FWTL.K3,0.1148175
Benin,BEN,1985,"Annual freshwater withdrawals, total (billion cubic meters)",ER.H2O.FWTL.K3,0.11
Benin,BEN,2021,"Annual freshwater withdrawals, total (% of internal resources)",ER.H2O.FWTL.ZS,1.2621359223301
Benin,BEN,2020,"Annual freshwater withdrawals, total (% of internal resources)",ER.H2O.FWTL.ZS,1.2621359223301
Benin,BEN,2019,"Annual freshwater withdrawals, total (% of internal resources)",ER.H2O.FWTL.ZS,1.2621359223301
Benin,BEN,2018,"Annual freshwater withdrawals, total (% of internal resources)",ER.H2O.FWTL.ZS,1.2621359223301
Benin,BEN,2017,"Annual freshwater withdrawals, total (% of internal resources)",ER.H2O.FWTL.ZS,1.2621359223301
Benin,BEN,2016,"Annual freshwater withdrawals, total (% of internal resources)",ER.H2O.FWTL.ZS,1.2621359223301
Benin,BEN,2015,"Annual freshwater withdrawals, total (% of internal resources)",ER.H2O.FWTL.ZS,1.2621359223301
Benin,BEN,2014,"Annual freshwater withdrawals, total (% of internal resources)",ER.H2O.FWTL.ZS,1.2621359223301
Benin,BEN,2013,"Annual freshwater withdrawals, total (% of internal resources)",ER.H2O.FWTL.ZS,1.2621359223301
Benin,BEN,2012,"Annual freshwater withdrawals, total (% of internal resources)",ER.H2O.FWTL.ZS,1.2621359223301
Benin,BEN,2011,"Annual freshwater withdrawals, total (% of internal resources)",ER.H2O.FWTL.ZS,1.2621359223301
Benin,BEN,2010,"Annual freshwater withdrawals, total (% of internal resources)",ER.H2O.FWTL.ZS,1.2621359223301
Benin,BEN,2009,"Annual freshwater withdrawals, total (% of internal resources)",ER.H2O.FWTL.ZS,1.2621359223301
Benin,BEN,2008,"Annual freshwater withdrawals, total (% of internal resources)",ER.H2O.FWTL.ZS,1.2621359223301
Benin,BEN,2007,"Annual freshwater withdrawals, total (% of internal resources)",ER.H2O.FWTL.ZS,1.2621359223301
Benin,BEN,2006,"Annual freshwater withdrawals, total (% of internal resources)",ER.H2O.FWTL.ZS,1.2621359223301
Benin,BEN,2005,"Annual freshwater withdrawals, total (% of internal resources)",ER.H2O.FWTL.ZS,1.2621359223301
Benin,BEN,2004,"Annual freshwater withdrawals, total (% of internal resources)",ER.H2O.FWTL.ZS,1.2621359223301
Benin,BEN,2003,"Annual freshwater withdrawals, total (% of internal resources)",ER.H2O.FWTL.ZS,1.2621359223301
Benin,BEN,2002,"Annual freshwater withdrawals, total (% of internal resources)",ER.H2O.FWTL.ZS,1.2621359223301
Benin,BEN,2001,"Annual freshwater withdrawals, total (% of internal resources)",ER.H2O.FWTL.ZS,1.2621359223301
Benin,BEN,2000,"Annual freshwater withdrawals, total (% of internal resources)",ER.H2O.FWTL.ZS,1.29464285728155
Benin,BEN,1999,"Annual freshwater withdrawals, total (% of internal resources)",ER.H2O.FWTL.ZS,1.32714979223301
Benin,BEN,1998,"Annual freshwater withdrawals, total (% of internal resources)",ER.H2O.FWTL.ZS,1.35965672718447
Benin,BEN,1997,"Annual freshwater withdrawals, total (% of internal resources)",ER.H2O.FWTL.ZS,1.39216366116505
Benin,BEN,1996,"Annual freshwater withdrawals, total (% of internal resources)",ER.H2O.FWTL.ZS,1.4246705961165
Benin,BEN,1995,"Annual freshwater withdrawals, total (% of internal resources)",ER.H2O.FWTL.ZS,1.45717753106796
Benin,BEN,1994,"Annual freshwater withdrawals, total (% of internal resources)",ER.H2O.FWTL.ZS,1.48968446601942
Benin,BEN,1993,"Annual freshwater withdrawals, total (% of internal resources)",ER.H2O.FWTL.ZS,1.44271844660194
Benin,BEN,1992,"Annual freshwater withdrawals, total (% of internal resources)",ER.H2O.FWTL.ZS,1.39575242718447
Benin,BEN,1991,"Annual freshwater withdrawals, total (% of internal resources)",ER.H2O.FWTL.ZS,1.34878640776699
Benin,BEN,1990,"Annual freshwater withdrawals, total (% of internal resources)",ER.H2O.FWTL.ZS,1.30182038834951
Benin,BEN,1989,"Annual freshwater withdrawals, total (% of internal resources)",ER.H2O.FWTL.ZS,1.25504854368932
Benin,BEN,1988,"Annual freshwater withdrawals, total (% of internal resources)",ER.H2O.FWTL.ZS,1.20827669902913
Benin,BEN,1987,"Annual freshwater withdrawals, total (% of internal resources)",ER.H2O.FWTL.ZS,1.16150485436893
Benin,BEN,1986,"Annual freshwater withdrawals, total (% of internal resources)",ER.H2O.FWTL.ZS,1.11473300970874
Benin,BEN,1985,"Annual freshwater withdrawals, total (% of internal resources)",ER.H2O.FWTL.ZS,1.06796116504854
Benin,BEN,2022,Terrestrial protected areas (% of total land area),ER.LND.PTLD.ZS,29.6433258
Benin,BEN,2021,Terrestrial protected areas (% of total land area),ER.LND.PTLD.ZS,29.64332581
Benin,BEN,2020,Terrestrial protected areas (% of total land area),ER.LND.PTLD.ZS,29.60462
Benin,BEN,2019,Terrestrial protected areas (% of total land area),ER.LND.PTLD.ZS,29.60411
Benin,BEN,2018,Terrestrial protected areas (% of total land area),ER.LND.PTLD.ZS,29.6233712049703
Benin,BEN,2017,Terrestrial protected areas (% of total land area),ER.LND.PTLD.ZS,29.6233712049703
Benin,BEN,2016,Terrestrial protected areas (% of total land area),ER.LND.PTLD.ZS,28.87
Benin,BEN,2022,Marine protected areas (% of territorial waters),ER.MRN.PTMR.ZS,0
Benin,BEN,2021,Marine protected areas (% of territorial waters),ER.MRN.PTMR.ZS,0
Benin,BEN,2020,Marine protected areas (% of territorial waters),ER.MRN.PTMR.ZS,0
Benin,BEN,2019,Marine protected areas (% of territorial waters),ER.MRN.PTMR.ZS,0
Benin,BEN,2018,Marine protected areas (% of territorial waters),ER.MRN.PTMR.ZS,0
Benin,BEN,2017,Marine protected areas (% of territorial waters),ER.MRN.PTMR.ZS,0
Benin,BEN,2022,Terrestrial and marine protected areas (% of total territorial area),ER.PTD.TOTL.ZS,23.4877701634479
Benin,BEN,2021,Terrestrial and marine protected areas (% of total territorial area),ER.PTD.TOTL.ZS,23.4877701634479
Benin,BEN,2020,Terrestrial and marine protected areas (% of total territorial area),ER.PTD.TOTL.ZS,23.4571061105145
Benin,BEN,2019,Terrestrial and marine protected areas (% of total territorial area),ER.PTD.TOTL.ZS,23.4567008171927
Benin,BEN,2018,Terrestrial and marine protected areas (% of total territorial area),ER.PTD.TOTL.ZS,23.4719085609043
Benin,BEN,2017,Terrestrial and marine protected areas (% of total territorial area),ER.PTD.TOTL.ZS,23.4719085609043
Benin,BEN,2016,Terrestrial and marine protected areas (% of total territorial area),ER.PTD.TOTL.ZS,28.8719449693959
Benin,BEN,2019,Ease of doing business rank (1=most business-friendly regulations),IC.BUS.EASE.XQ,149
Benin,BEN,2023,CPIA public sector management and institutions cluster average (1=low to 6=high),IQ.CPA.PUBS.XQ,3.7
Benin,BEN,2022,CPIA public sector management and institutions cluster average (1=low to 6=high),IQ.CPA.PUBS.XQ,3.6
Benin,BEN,2021,CPIA public sector management and institutions cluster average (1=low to 6=high),IQ.CPA.PUBS.XQ,3.5
Benin,BEN,2020,CPIA public sector management and institutions cluster average (1=low to 6=high),IQ.CPA.PUBS.XQ,3.4
Benin,BEN,2019,CPIA public sector management and institutions cluster average (1=low to 6=high),IQ.CPA.PUBS.XQ,3.4
Benin,BEN,2018,CPIA public sector management and institutions cluster average (1=low to 6=high),IQ.CPA.PUBS.XQ,3.3
Benin,BEN,2017,CPIA public sector management and institutions cluster average (1=low to 6=high),IQ.CPA.PUBS.XQ,3.3
Benin,BEN,2016,CPIA public sector management and institutions cluster average (1=low to 6=high),IQ.CPA.PUBS.XQ,3.3
Benin,BEN,2015,CPIA public sector management and institutions cluster average (1=low to 6=high),IQ.CPA.PUBS.XQ,3.3
Benin,BEN,2014,CPIA public sector management and institutions cluster average (1=low to 6=high),IQ.CPA.PUBS.XQ,3.3
Benin,BEN,2013,CPIA public sector management and institutions cluster average (1=low to 6=high),IQ.CPA.PUBS.XQ,3.3
Benin,BEN,2012,CPIA public sector management and institutions cluster average (1=low to 6=high),IQ.CPA.PUBS.XQ,3.3
Benin,BEN,2011,CPIA public sector management and institutions cluster average (1=low to 6=high),IQ.CPA.PUBS.XQ,3.3
Benin,BEN,2010,CPIA public sector management and institutions cluster average (1=low to 6=high),IQ.CPA.PUBS.XQ,3.3
Benin,BEN,2009,CPIA public sector management and institutions cluster average (1=low to 6=high),IQ.CPA.PUBS.XQ,3.3
Benin,BEN,2008,CPIA public sector management and institutions cluster average (1=low to 6=high),IQ.CPA.PUBS.XQ,3.3
Benin,BEN,2007,CPIA public sector management and institutions cluster average (1=low to 6=high),IQ.CPA.PUBS.XQ,3.3
Benin,BEN,2006,CPIA public sector management and institutions cluster average (1=low to 6=high),IQ.CPA.PUBS.XQ,3.3
Benin,BEN,2005,CPIA public sector management and institutions cluster average (1=low to 6=high),IQ.CPA.PUBS.XQ,3.4
Benin,BEN,2023,"Agriculture, forestry, and fishing, value added (% of GDP)",NV.AGR.TOTL.ZS,25.4020258817765
Benin,BEN,2022,"Agriculture, forestry, and fishing, value added (% of GDP)",NV.AGR.TOTL.ZS,26.8964460711789
Benin,BEN,2021,"Agriculture, forestry, and fishing, value added (% of GDP)",NV.AGR.TOTL.ZS,28.5289506098592
Benin,BEN,2020,"Agriculture, forestry, and fishing, value added (% of GDP)",NV.AGR.TOTL.ZS,27.1091750361118
Benin,BEN,2019,"Agriculture, forestry, and fishing, value added (% of GDP)",NV.AGR.TOTL.ZS,26.8758016258337
Benin,BEN,2018,"Agriculture, forestry, and fishing, value added (% of GDP)",NV.AGR.TOTL.ZS,28.0647739127077
Benin,BEN,2017,"Agriculture, forestry, and fishing, value added (% of GDP)",NV.AGR.TOTL.ZS,28.4890165273264
Benin,BEN,2016,"Agriculture, forestry, and fishing, value added (% of GDP)",NV.AGR.TOTL.ZS,27.7536354980493
Benin,BEN,2015,"Agriculture, forestry, and fishing, value added (% of GDP)",NV.AGR.TOTL.ZS,26.3920850925037
Benin,BEN,2014,"Agriculture, forestry, and fishing, value added (% of GDP)",NV.AGR.TOTL.ZS,25.6184529738008
Benin,BEN,2013,"Agriculture, forestry, and fishing, value added (% of GDP)",NV.AGR.TOTL.ZS,25.2754046390823
Benin,BEN,2012,"Agriculture, forestry, and fishing, value added (% of GDP)",NV.AGR.TOTL.ZS,25.7689758312295
Benin,BEN,2011,"Agriculture, forestry, and fishing, value added (% of GDP)",NV.AGR.TOTL.ZS,25.7970008253273
Benin,BEN,2010,"Agriculture, forestry, and fishing, value added (% of GDP)",NV.AGR.TOTL.ZS,25.8411354962681
Benin,BEN,2009,"Agriculture, forestry, and fishing, value added (% of GDP)",NV.AGR.TOTL.ZS,26.9789553760994
Benin,BEN,2008,"Agriculture, forestry, and fishing, value added (% of GDP)",NV.AGR.TOTL.ZS,26.8261561852139
Benin,BEN,2007,"Agriculture, forestry, and fishing, value added (% of GDP)",NV.AGR.TOTL.ZS,26.9710869666408
Benin,BEN,2006,"Agriculture, forestry, and fishing, value added (% of GDP)",NV.AGR.TOTL.ZS,26.631803428758
Benin,BEN,2005,"Agriculture, forestry, and fishing, value added (% of GDP)",NV.AGR.TOTL.ZS,26.6894285026991
Benin,BEN,2004,"Agriculture, forestry, and fishing, value added (% of GDP)",NV.AGR.TOTL.ZS,26.5208492800284
Benin,BEN,2003,"Agriculture, forestry, and fishing, value added (% of GDP)",NV.AGR.TOTL.ZS,24.4539837351198
Benin,BEN,2002,"Agriculture, forestry, and fishing, value added (% of GDP)",NV.AGR.TOTL.ZS,25.38272927764
Benin,BEN,2001,"Agriculture, forestry, and fishing, value added (% of GDP)",NV.AGR.TOTL.ZS,25.0481627427766
Benin,BEN,2000,"Agriculture, forestry, and fishing, value added (% of GDP)",NV.AGR.TOTL.ZS,23.5412339925262
Benin,BEN,1999,"Agriculture, forestry, and fishing, value added (% of GDP)",NV.AGR.TOTL.ZS,24.5343349115333
Benin,BEN,1998,"Agriculture, forestry, and fishing, value added (% of GDP)",NV.AGR.TOTL.ZS,36.5766497896743
Benin,BEN,1997,"Agriculture, forestry, and fishing, value added (% of GDP)",NV.AGR.TOTL.ZS,35.7819301606788
Benin,BEN,1996,"Agriculture, forestry, and fishing, value added (% of GDP)",NV.AGR.TOTL.ZS,35.7053003917894
Benin,BEN,1995,"Agriculture, forestry, and fishing, value added (% of GDP)",NV.AGR.TOTL.ZS,33.0901595921974
Benin,BEN,1994,"Agriculture, forestry, and fishing, value added (% of GDP)",NV.AGR.TOTL.ZS,32.2939945673508
Benin,BEN,1993,"Agriculture, forestry, and fishing, value added (% of GDP)",NV.AGR.TOTL.ZS,34.1194607988571
Benin,BEN,1992,"Agriculture, forestry, and fishing, value added (% of GDP)",NV.AGR.TOTL.ZS,33.9419041358772
Benin,BEN,1991,"Agriculture, forestry, and fishing, value added (% of GDP)",NV.AGR.TOTL.ZS,35.0437734981583
Benin,BEN,1990,"Agriculture, forestry, and fishing, value added (% of GDP)",NV.AGR.TOTL.ZS,34.6549453638938
Benin,BEN,1989,"Agriculture, forestry, and fishing, value added (% of GDP)",NV.AGR.TOTL.ZS,37.8568847933107
Benin,BEN,1988,"Agriculture, forestry, and fishing, value added (% of GDP)",NV.AGR.TOTL.ZS,34.3800931861193
Benin,BEN,1987,"Agriculture, forestry, and fishing, value added (% of GDP)",NV.AGR.TOTL.ZS,33.2799507625574
Benin,BEN,1986,"Agriculture, forestry, and fishing, value added (% of GDP)",NV.AGR.TOTL.ZS,33.6710590159502
Benin,BEN,1985,"Agriculture, forestry, and fishing, value added (% of GDP)",NV.AGR.TOTL.ZS,31.5455488860391
Benin,BEN,1984,"Agriculture, forestry, and fishing, value added (% of GDP)",NV.AGR.TOTL.ZS,33.3115605274576
Benin,BEN,1983,"Agriculture, forestry, and fishing, value added (% of GDP)",NV.AGR.TOTL.ZS,33.1576442965202
Benin,BEN,1982,"Agriculture, forestry, and fishing, value added (% of GDP)",NV.AGR.TOTL.ZS,32.5011996849539
Benin,BEN,1981,"Agriculture, forestry, and fishing, value added (% of GDP)",NV.AGR.TOTL.ZS,32.664652346085
Benin,BEN,1980,"Agriculture, forestry, and fishing, value added (% of GDP)",NV.AGR.TOTL.ZS,35.4326884671216
Benin,BEN,1979,"Agriculture, forestry, and fishing, value added (% of GDP)",NV.AGR.TOTL.ZS,34.9928860436256
Benin,BEN,1978,"Agriculture, forestry, and fishing, value added (% of GDP)",NV.AGR.TOTL.ZS,34.5421439063843
Benin,BEN,1977,"Agriculture, forestry, and fishing, value added (% of GDP)",NV.AGR.TOTL.ZS,31.8550853762966
Benin,BEN,1976,"Agriculture, forestry, and fishing, value added (% of GDP)",NV.AGR.TOTL.ZS,33.1965062561477
Benin,BEN,1975,"Agriculture, forestry, and fishing, value added (% of GDP)",NV.AGR.TOTL.ZS,30.5386665532365
Benin,BEN,1974,"Agriculture, forestry, and fishing, value added (% of GDP)",NV.AGR.TOTL.ZS,31.5336957738479
Benin,BEN,1973,"Agriculture, forestry, and fishing, value added (% of GDP)",NV.AGR.TOTL.ZS,33.6239203142795
Benin,BEN,1972,"Agriculture, forestry, and fishing, value added (% of GDP)",NV.AGR.TOTL.ZS,34.2310223417357
Benin,BEN,1971,"Agriculture, forestry, and fishing, value added (% of GDP)",NV.AGR.TOTL.ZS,34.357736013712
Benin,BEN,1970,"Agriculture, forestry, and fishing, value added (% of GDP)",NV.AGR.TOTL.ZS,36.3278523843779
Benin,BEN,1969,"Agriculture, forestry, and fishing, value added (% of GDP)",NV.AGR.TOTL.ZS,38.4966628316752
Benin,BEN,1968,"Agriculture, forestry, and fishing, value added (% of GDP)",NV.AGR.TOTL.ZS,38.8680689997636
Benin,BEN,1967,"Agriculture, forestry, and fishing, value added (% of GDP)",NV.AGR.TOTL.ZS,42.0810132043619
Benin,BEN,1966,"Agriculture, forestry, and fishing, value added (% of GDP)",NV.AGR.TOTL.ZS,45.1478198273001
Benin,BEN,1965,"Agriculture, forestry, and fishing, value added (% of GDP)",NV.AGR.TOTL.ZS,44.6194250281919
Benin,BEN,1964,"Agriculture, forestry, and fishing, value added (% of GDP)",NV.AGR.TOTL.ZS,45.5281522642709
Benin,BEN,1963,"Agriculture, forestry, and fishing, value added (% of GDP)",NV.AGR.TOTL.ZS,43.7183697135422
Benin,BEN,1962,"Agriculture, forestry, and fishing, value added (% of GDP)",NV.AGR.TOTL.ZS,44.7092726752393
Benin,BEN,1961,"Agriculture, forestry, and fishing, value added (% of GDP)",NV.AGR.TOTL.ZS,46.1937857251441
Benin,BEN,1960,"Agriculture, forestry, and fishing, value added (% of GDP)",NV.AGR.TOTL.ZS,46.1577230946704
Benin,BEN,2021,"School enrollment, primary and secondary (gross), gender parity index (GPI)",SE.ENR.PRSC.FM.ZS,0.897289991378784
Benin,BEN,2020,"School enrollment, primary and secondary (gross), gender parity index (GPI)",SE.ENR.PRSC.FM.ZS,0.890009999275208
Benin,BEN,2016,"School enrollment, primary and secondary (gross), gender parity index (GPI)",SE.ENR.PRSC.FM.ZS,0.877080023288727
Benin,BEN,2015,"School enrollment, primary and secondary (gross), gender parity index (GPI)",SE.ENR.PRSC.FM.ZS,0.859269976615906
Benin,BEN,2014,"School enrollment, primary and secondary (gross), gender parity index (GPI)",SE.ENR.PRSC.FM.ZS,0.847899973392487
Benin,BEN,2013,"School enrollment, primary and secondary (gross), gender parity index (GPI)",SE.ENR.PRSC.FM.ZS,0.834890007972717
Benin,BEN,2011,"School enrollment, primary and secondary (gross), gender parity index (GPI)",SE.ENR.PRSC.FM.ZS,0.809689998626709
Benin,BEN,2004,"School enrollment, primary and secondary (gross), gender parity index (GPI)",SE.ENR.PRSC.FM.ZS,0.694509983062744
Benin,BEN,2003,"School enrollment, primary and secondary (gross), gender parity index (GPI)",SE.ENR.PRSC.FM.ZS,0.67315000295639
Benin,BEN,2002,"School enrollment, primary and secondary (gross), gender parity index (GPI)",SE.ENR.PRSC.FM.ZS,0.661450028419495
Benin,BEN,2001,"School enrollment, primary and secondary (gross), gender parity index (GPI)",SE.ENR.PRSC.FM.ZS,0.646290004253387
Benin,BEN,2000,"School enrollment, primary and secondary (gross), gender parity index (GPI)",SE.ENR.PRSC.FM.ZS,0.63332998752594
Benin,BEN,1999,"School enrollment, primary and secondary (gross), gender parity index (GPI)",SE.ENR.PRSC.FM.ZS,0.614619970321655
Benin,BEN,1987,"School enrollment, primary and secondary (gross), gender parity index (GPI)",SE.ENR.PRSC.FM.ZS,0.486829996109009
Benin,BEN,1986,"School enrollment, primary and secondary (gross), gender parity index (GPI)",SE.ENR.PRSC.FM.ZS,0.482289999723434
Benin,BEN,1985,"School enrollment, primary and secondary (gross), gender parity index (GPI)",SE.ENR.PRSC.FM.ZS,0.478969991207123
Benin,BEN,1977,"School enrollment, primary and secondary (gross), gender parity index (GPI)",SE.ENR.PRSC.FM.ZS,0.439790010452271
Benin,BEN,1975,"School enrollment, primary and secondary (gross), gender parity index (GPI)",SE.ENR.PRSC.FM.ZS,0.44530001282692
Benin,BEN,1974,"School enrollment, primary and secondary (gross), gender parity index (GPI)",SE.ENR.PRSC.FM.ZS,0.446359992027283
Benin,BEN,1973,"School enrollment, primary and secondary (gross), gender parity index (GPI)",SE.ENR.PRSC.FM.ZS,0.45456001162529
Benin,BEN,1971,"School enrollment, primary and secondary (gross), gender parity index (GPI)",SE.ENR.PRSC.FM.ZS,0.445650011301041
Benin,BEN,2022,"Primary completion rate, total (% of relevant age group)",SE.PRM.CMPT.ZS,64.5733337402344
Benin,BEN,2021,"Primary completion rate, total (% of relevant age group)",SE.PRM.CMPT.ZS,70.7910232543945
Benin,BEN,2020,"Primary completion rate, total (% of relevant age group)",SE.PRM.CMPT.ZS,60.2596817016602
Benin,BEN,2019,"Primary completion rate, total (% of relevant age group)",SE.PRM.CMPT.ZS,61.7928314208984
Benin,BEN,2016,"Primary completion rate, total (% of relevant age group)",SE.PRM.CMPT.ZS,77.419189453125
Benin,BEN,2015,"Primary completion rate, total (% of relevant age group)",SE.PRM.CMPT.ZS,78.0327072143555
Benin,BEN,2014,"Primary completion rate, total (% of relevant age group)",SE.PRM.CMPT.ZS,77.3113479614258
Benin,BEN,2013,"Primary completion rate, total (% of relevant age group)",SE.PRM.CMPT.ZS,76.898193359375
Benin,BEN,2012,"Primary completion rate, total (% of relevant age group)",SE.PRM.CMPT.ZS,71.6108627319336
Benin,BEN,2011,"Primary completion rate, total (% of relevant age group)",SE.PRM.CMPT.ZS,70.1288681030273
Benin,BEN,2010,"Primary completion rate, total (% of relevant age group)",SE.PRM.CMPT.ZS,65.3145980834961
Benin,BEN,2008,"Primary completion rate, total (% of relevant age group)",SE.PRM.CMPT.ZS,61.858570098877
Benin,BEN,2004,"Primary completion rate, total (% of relevant age group)",SE.PRM.CMPT.ZS,50.4555587768555
Benin,BEN,2003,"Primary completion rate, total (% of relevant age group)",SE.PRM.CMPT.ZS,46.5348091125488
Benin,BEN,2002,"Primary completion rate, total (% of relevant age group)",SE.PRM.CMPT.ZS,42.2971992492676
Benin,BEN,2001,"Primary completion rate, total (% of relevant age group)",SE.PRM.CMPT.ZS,40.3337211608887
Benin,BEN,2000,"Primary completion rate, total (% of relevant age group)",SE.PRM.CMPT.ZS,36.3207397460938
Benin,BEN,1998,"Primary completion rate, total (% of relevant age group)",SE.PRM.CMPT.ZS,35.9575614929199
Benin,BEN,1997,"Primary completion rate, total (% of relevant age group)",SE.PRM.CMPT.ZS,33.3257713317871
Benin,BEN,1996,"Primary completion rate, total (% of relevant age group)",SE.PRM.CMPT.ZS,30.9827499389648
Benin,BEN,1995,"Primary completion rate, total (% of relevant age group)",SE.PRM.CMPT.ZS,28.9677696228027
Benin,BEN,1994,"Primary completion rate, total (% of relevant age group)",SE.PRM.CMPT.ZS,24.4139003753662
Benin,BEN,1993,"Primary completion rate, total (% of relevant age group)",SE.PRM.CMPT.ZS,22.5531692504883
Benin,BEN,1992,"Primary completion rate, total (% of relevant age group)",SE.PRM.CMPT.ZS,20.6472301483154
Benin,BEN,1991,"Primary completion rate, total (% of relevant age group)",SE.PRM.CMPT.ZS,20.656810760498
Benin,BEN,1990,"Primary completion rate, total (% of relevant age group)",SE.PRM.CMPT.ZS,18.2962799072266
Benin,BEN,1989,"Primary completion rate, total (% of relevant age group)",SE.PRM.CMPT.ZS,26.0814990997314
Benin,BEN,1988,"Primary completion rate, total (% of relevant age group)",SE.PRM.CMPT.ZS,26.2486190795898
Benin,BEN,1987,"Primary completion rate, total (% of relevant age group)",SE.PRM.CMPT.ZS,28.3940200805664
Benin,BEN,1986,"Primary completion rate, total (% of relevant age group)",SE.PRM.CMPT.ZS,29.3837604522705
Benin,BEN,1985,"Primary completion rate, total (% of relevant age group)",SE.PRM.CMPT.ZS,32.1196212768555
Benin,BEN,1984,"Primary completion rate, total (% of relevant age group)",SE.PRM.CMPT.ZS,28.1471405029297
Benin,BEN,1983,"Primary completion rate, total (% of relevant age group)",SE.PRM.CMPT.ZS,34.3420600891113
Benin,BEN,1982,"Primary completion rate, total (% of relevant age group)",SE.PRM.CMPT.ZS,31.733980178833
Benin,BEN,1981,"Primary completion rate, total (% of relevant age group)",SE.PRM.CMPT.ZS,29.4123497009277
Benin,BEN,1980,"Primary completion rate, total (% of relevant age group)",SE.PRM.CMPT.ZS,28.3808898925781
Benin,BEN,1979,"Primary completion rate, total (% of relevant age group)",SE.PRM.CMPT.ZS,26.5008201599121
Benin,BEN,1978,"Primary completion rate, total (% of relevant age group)",SE.PRM.CMPT.ZS,25.0718002319336
Benin,BEN,1977,"Primary completion rate, total (% of relevant age group)",SE.PRM.CMPT.ZS,22.8368797302246
Benin,BEN,1976,"Primary completion rate, total (% of relevant age group)",SE.PRM.CMPT.ZS,23.3415107727051
Benin,BEN,1975,"Primary completion rate, total (% of relevant age group)",SE.PRM.CMPT.ZS,23.4766407012939
Benin,BEN,1974,"Primary completion rate, total (% of relevant age group)",SE.PRM.CMPT.ZS,19.1403694152832
Benin,BEN,1973,"Primary completion rate, total (% of relevant age group)",SE.PRM.CMPT.ZS,20.133960723877
Benin,BEN,1972,"Primary completion rate, total (% of relevant age group)",SE.PRM.CMPT.ZS,19.9476108551025
Benin,BEN,1971,"Primary completion rate, total (% of relevant age group)",SE.PRM.CMPT.ZS,17.1836109161377
Benin,BEN,2022,"Mortality rate, under-5 (per 1,000 live births)",SH.DYN.MORT,80.8
Benin,BEN,2021,"Mortality rate, under-5 (per 1,000 live births)",SH.DYN.MORT,83.3
Benin,BEN,2020,"Mortality rate, under-5 (per 1,000 live births)",SH.DYN.MORT,85.8
Benin,BEN,2019,"Mortality rate, under-5 (per 1,000 live births)",SH.DYN.MORT,88.3
Benin,BEN,2018,"Mortality rate, under-5 (per 1,000 live births)",SH.DYN.MORT,90.7
Benin,BEN,2017,"Mortality rate, under-5 (per 1,000 live births)",SH.DYN.MORT,93
Benin,BEN,2016,"Mortality rate, under-5 (per 1,000 live births)",SH.DYN.MORT,95.2
Benin,BEN,2015,"Mortality rate, under-5 (per 1,000 live births)",SH.DYN.MORT,97.4
Benin,BEN,2014,"Mortality rate, under-5 (per 1,000 live births)",SH.DYN.MORT,99.6
Benin,BEN,2013,"Mortality rate, under-5 (per 1,000 live births)",SH.DYN.MORT,101.9
Benin,BEN,2012,"Mortality rate, under-5 (per 1,000 live births)",SH.DYN.MORT,104.2
Benin,BEN,2011,"Mortality rate, under-5 (per 1,000 live births)",SH.DYN.MORT,106.4
Benin,BEN,2010,"Mortality rate, under-5 (per 1,000 live births)",SH.DYN.MORT,108.7
Benin,BEN,2009,"Mortality rate, under-5 (per 1,000 live births)",SH.DYN.MORT,111
Benin,BEN,2008,"Mortality rate, under-5 (per 1,000 live births)",SH.DYN.MORT,113.4
Benin,BEN,2007,"Mortality rate, under-5 (per 1,000 live births)",SH.DYN.MORT,115.9
Benin,BEN,2006,"Mortality rate, under-5 (per 1,000 live births)",SH.DYN.MORT,118.4
Benin,BEN,2005,"Mortality rate, under-5 (per 1,000 live births)",SH.DYN.MORT,121.1
Benin,BEN,2004,"Mortality rate, under-5 (per 1,000 live births)",SH.DYN.MORT,123.9
Benin,BEN,2003,"Mortality rate, under-5 (per 1,000 live births)",SH.DYN.MORT,126.8
Benin,BEN,2002,"Mortality rate, under-5 (per 1,000 live births)",SH.DYN.MORT,129.9
Benin,BEN,2001,"Mortality rate, under-5 (per 1,000 live births)",SH.DYN.MORT,133.1
Benin,BEN,2000,"Mortality rate, under-5 (per 1,000 live births)",SH.DYN.MORT,136.3
Benin,BEN,1999,"Mortality rate, under-5 (per 1,000 live births)",SH.DYN.MORT,139.5
Benin,BEN,1998,"Mortality rate, under-5 (per 1,000 live births)",SH.DYN.MORT,142.8
Benin,BEN,1997,"Mortality rate, under-5 (per 1,000 live births)",SH.DYN.MORT,146.1
Benin,BEN,1996,"Mortality rate, under-5 (per 1,000 live births)",SH.DYN.MORT,149.5
Benin,BEN,1995,"Mortality rate, under-5 (per 1,000 live births)",SH.DYN.MORT,152.9
Benin,BEN,1994,"Mortality rate, under-5 (per 1,000 live births)",SH.DYN.MORT,156.5
Benin,BEN,1993,"Mortality rate, under-5 (per 1,000 live births)",SH.DYN.MORT,160.2
Benin,BEN,1992,"Mortality rate, under-5 (per 1,000 live births)",SH.DYN.MORT,164.1
Benin,BEN,1991,"Mortality rate, under-5 (per 1,000 live births)",SH.DYN.MORT,168.1
Benin,BEN,1990,"Mortality rate, under-5 (per 1,000 live births)",SH.DYN.MORT,172.1
Benin,BEN,1989,"Mortality rate, under-5 (per 1,000 live births)",SH.DYN.MORT,176.2
Benin,BEN,1988,"Mortality rate, under-5 (per 1,000 live births)",SH.DYN.MORT,180.2
Benin,BEN,1987,"Mortality rate, under-5 (per 1,000 live births)",SH.DYN.MORT,184.2
Benin,BEN,1986,"Mortality rate, under-5 (per 1,000 live births)",SH.DYN.MORT,188.2
Benin,BEN,1985,"Mortality rate, under-5 (per 1,000 live births)",SH.DYN.MORT,192.2
Benin,BEN,1984,"Mortality rate, under-5 (per 1,000 live births)",SH.DYN.MORT,196.1
Benin,BEN,1983,"Mortality rate, under-5 (per 1,000 live births)",SH.DYN.MORT,199.9
Benin,BEN,1982,"Mortality rate, under-5 (per 1,000 live births)",SH.DYN.MORT,203.9
Benin,BEN,1981,"Mortality rate, under-5 (per 1,000 live births)",SH.DYN.MORT,207.9
Benin,BEN,1980,"Mortality rate, under-5 (per 1,000 live births)",SH.DYN.MORT,212.1
Benin,BEN,1979,"Mortality rate, under-5 (per 1,000 live births)",SH.DYN.MORT,216.4
Benin,BEN,1978,"Mortality rate, under-5 (per 1,000 live births)",SH.DYN.MORT,221.2
Benin,BEN,1977,"Mortality rate, under-5 (per 1,000 live births)",SH.DYN.MORT,225.9
Benin,BEN,1976,"Mortality rate, under-5 (per 1,000 live births)",SH.DYN.MORT,230.9
Benin,BEN,1975,"Mortality rate, under-5 (per 1,000 live births)",SH.DYN.MORT,236
Benin,BEN,1974,"Mortality rate, under-5 (per 1,000 live births)",SH.DYN.MORT,241
Benin,BEN,1973,"Mortality rate, under-5 (per 1,000 live births)",SH.DYN.MORT,246
Benin,BEN,1972,"Mortality rate, under-5 (per 1,000 live births)",SH.DYN.MORT,250.9
Benin,BEN,1971,"Mortality rate, under-5 (per 1,000 live births)",SH.DYN.MORT,255.5
Benin,BEN,1970,"Mortality rate, under-5 (per 1,000 live births)",SH.DYN.MORT,260.1
Benin,BEN,1969,"Mortality rate, under-5 (per 1,000 live births)",SH.DYN.MORT,264.6
Benin,BEN,1968,"Mortality rate, under-5 (per 1,000 live births)",SH.DYN.MORT,269.4
Benin,BEN,1967,"Mortality rate, under-5 (per 1,000 live births)",SH.DYN.MORT,274.1
Benin,BEN,1966,"Mortality rate, under-5 (per 1,000 live births)",SH.DYN.MORT,278.9
Benin,BEN,1965,"Mortality rate, under-5 (per 1,000 live births)",SH.DYN.MORT,284
Benin,BEN,1964,"Mortality rate, under-5 (per 1,000 live births)",SH.DYN.MORT,289.2
Benin,BEN,1963,"Mortality rate, under-5 (per 1,000 live births)",SH.DYN.MORT,294.3
Benin,BEN,1962,"Mortality rate, under-5 (per 1,000 live births)",SH.DYN.MORT,299.5
Benin,BEN,1961,"Mortality rate, under-5 (per 1,000 live births)",SH.DYN.MORT,304.5
Benin,BEN,1960,"Mortality rate, under-5 (per 1,000 live births)",SH.DYN.MORT,309.4
Benin,BEN,2021,"Prevalence of underweight, weight for age (% of children under 5)",SH.STA.MALN.ZS,19.6
Benin,BEN,2018,"Prevalence of underweight, weight for age (% of children under 5)",SH.STA.MALN.ZS,16.8
Benin,BEN,2014,"Prevalence of underweight, weight for age (% of children under 5)",SH.STA.MALN.ZS,18
Benin,BEN,2008,"Prevalence of underweight, weight for age (% of children under 5)",SH.STA.MALN.ZS,17.1
Benin,BEN,2001,"Prevalence of underweight, weight for age (% of children under 5)",SH.STA.MALN.ZS,19.5
Benin,BEN,1996,"Prevalence of underweight, weight for age (% of children under 5)",SH.STA.MALN.ZS,25.6
Benin,BEN,2021,Poverty headcount ratio at $2.15 a day (2017 PPP) (% of population),SI.POV.DDAY,12.7
Benin,BEN,2018,Poverty headcount ratio at $2.15 a day (2017 PPP) (% of population),SI.POV.DDAY,20.1
Benin,BEN,2015,Poverty headcount ratio at $2.15 a day (2017 PPP) (% of population),SI.POV.DDAY,50.7
Benin,BEN,2011,Poverty headcount ratio at $2.15 a day (2017 PPP) (% of population),SI.POV.DDAY,54.3
Benin,BEN,2003,Poverty headcount ratio at $2.15 a day (2017 PPP) (% of population),SI.POV.DDAY,53.1
Benin,BEN,2023,Population growth (annual %),SP.POP.GROW,2.52274772277722
Benin,BEN,2022,Population growth (annual %),SP.POP.GROW,2.54740926342667
Benin,BEN,2021,Population growth (annual %),SP.POP.GROW,2.59230167510348
Benin,BEN,2020,Population growth (annual %),SP.POP.GROW,2.66259875153288
Benin,BEN,2019,Population growth (annual %),SP.POP.GROW,2.73538842831436
Benin,BEN,2018,Population growth (annual %),SP.POP.GROW,2.8136418840483
Benin,BEN,2017,Population growth (annual %),SP.POP.GROW,2.88117869411855
Benin,BEN,2016,Population growth (annual %),SP.POP.GROW,2.92460216679542
Benin,BEN,2015,Population growth (annual %),SP.POP.GROW,2.95391627666724
Benin,BEN,2014,Population growth (annual %),SP.POP.GROW,2.9550187594558
Benin,BEN,2013,Population growth (annual %),SP.POP.GROW,2.94885160135819
Benin,BEN,2012,Population growth (annual %),SP.POP.GROW,2.96766540040992
Benin,BEN,2011,Population growth (annual %),SP.POP.GROW,2.97782202797765
Benin,BEN,2010,Population growth (annual %),SP.POP.GROW,2.98424162798508
Benin,BEN,2009,Population growth (annual %),SP.POP.GROW,2.99903642214246
Benin,BEN,2008,Population growth (annual %),SP.POP.GROW,3.01959398464251
Benin,BEN,2007,Population growth (annual %),SP.POP.GROW,2.95509554727715
Benin,BEN,2006,Population growth (annual %),SP.POP.GROW,3.12066888297415
Benin,BEN,2005,Population growth (annual %),SP.POP.GROW,3.22061199704122
Benin,BEN,2004,Population growth (annual %),SP.POP.GROW,3.06173106096489
Benin,BEN,2003,Population growth (annual %),SP.POP.GROW,3.04920259714654
Benin,BEN,2002,Population growth (annual %),SP.POP.GROW,3.04010801597376
Benin,BEN,2001,Population growth (annual %),SP.POP.GROW,3.05435506649292
Benin,BEN,2000,Population growth (annual %),SP.POP.GROW,3.07665265205002
Benin,BEN,1999,Population growth (annual %),SP.POP.GROW,3.09369584671073
Benin,BEN,1998,Population growth (annual %),SP.POP.GROW,3.0829668212606
Benin,BEN,1997,Population growth (annual %),SP.POP.GROW,2.95210198459104
Benin,BEN,1996,Population growth (annual %),SP.POP.GROW,2.6166771873555
Benin,BEN,1995,Population growth (annual %),SP.POP.GROW,2.11424008856257
Benin,BEN,1994,Population growth (annual %),SP.POP.GROW,3.74003044963406
Benin,BEN,1993,Population growth (annual %),SP.POP.GROW,4.43675552850148
Benin,BEN,1992,Population growth (annual %),SP.POP.GROW,3.08954460200877
Benin,BEN,1991,Population growth (annual %),SP.POP.GROW,3.0846342257467
Benin,BEN,1990,Population growth (annual %),SP.POP.GROW,3.07281526239198
Benin,BEN,1989,Population growth (annual %),SP.POP.GROW,3.0593332626888
Benin,BEN,1988,Population growth (annual %),SP.POP.GROW,3.04249160427487
Benin,BEN,1987,Population growth (annual %),SP.POP.GROW,3.01407725589672
Benin,BEN,1986,Population growth (annual %),SP.POP.GROW,2.98299675866442
Benin,BEN,1985,Population growth (annual %),SP.POP.GROW,2.95456137340361
Benin,BEN,1984,Population growth (annual %),SP.POP.GROW,2.92292209235418
Benin,BEN,1983,Population growth (annual %),SP.POP.GROW,2.90177259558927
Benin,BEN,1982,Population growth (annual %),SP.POP.GROW,2.88709253402082
Benin,BEN,1981,Population growth (annual %),SP.POP.GROW,2.83952465028822
Benin,BEN,1980,Population growth (annual %),SP.POP.GROW,2.75652901926142
Benin,BEN,1979,Population growth (annual %),SP.POP.GROW,2.65970887557255
Benin,BEN,1978,Population growth (annual %),SP.POP.GROW,2.59097540280167
Benin,BEN,1977,Population growth (annual %),SP.POP.GROW,2.54383914171627
Benin,BEN,1976,Population growth (annual %),SP.POP.GROW,2.48777341182847
Benin,BEN,1975,Population growth (annual %),SP.POP.GROW,2.43177416734328
Benin,BEN,1974,Population growth (annual %),SP.POP.GROW,2.38155896131934
Benin,BEN,1973,Population growth (annual %),SP.POP.GROW,2.34034849385799
Benin,BEN,1972,Population growth (annual %),SP.POP.GROW,2.29503743434992
Benin,BEN,1971,Population growth (annual %),SP.POP.GROW,2.24886828749227
Benin,BEN,1970,Population growth (annual %),SP.POP.GROW,2.2046719973742
Benin,BEN,1969,Population growth (annual %),SP.POP.GROW,2.15651766917497
Benin,BEN,1968,Population growth (annual %),SP.POP.GROW,2.10985338214381
Benin,BEN,1967,Population growth (annual %),SP.POP.GROW,2.06361324138353
Benin,BEN,1966,Population growth (annual %),SP.POP.GROW,2.02370294974179
Benin,BEN,1965,Population growth (annual %),SP.POP.GROW,1.97493062331323
Benin,BEN,1964,Population growth (annual %),SP.POP.GROW,1.90768708165735
Benin,BEN,1963,Population growth (annual %),SP.POP.GROW,1.83546323054076
Benin,BEN,1962,Population growth (annual %),SP.POP.GROW,1.75980677292952
Benin,BEN,1961,Population growth (annual %),SP.POP.GROW,1.65223597640713
Benin,BEN,2023,"Population, total",SP.POP.TOTL,14111034
Benin,BEN,2022,"Population, total",SP.POP.TOTL,13759501
Benin,BEN,2021,"Population, total",SP.POP.TOTL,13413417
Benin,BEN,2020,"Population, total",SP.POP.TOTL,13070169
Benin,BEN,2019,"Population, total",SP.POP.TOTL,12726755
Benin,BEN,2018,"Population, total",SP.POP.TOTL,12383347
Benin,BEN,2017,"Population, total",SP.POP.TOTL,12039780
Benin,BEN,2016,"Population, total",SP.POP.TOTL,11697842
Benin,BEN,2015,"Population, total",SP.POP.TOTL,11360681
Benin,BEN,2014,"Population, total",SP.POP.TOTL,11030004
Benin,BEN,2013,"Population, total",SP.POP.TOTL,10708834
Benin,BEN,2012,"Population, total",SP.POP.TOTL,10397657
Benin,BEN,2011,"Population, total",SP.POP.TOTL,10093623
Benin,BEN,2010,"Population, total",SP.POP.TOTL,9797484
Benin,BEN,2009,"Population, total",SP.POP.TOTL,9509423
Benin,BEN,2008,"Population, total",SP.POP.TOTL,9228466
Benin,BEN,2007,"Population, total",SP.POP.TOTL,8953969
Benin,BEN,2006,"Population, total",SP.POP.TOTL,8693242
Benin,BEN,2005,"Population, total",SP.POP.TOTL,8426144
Benin,BEN,2004,"Population, total",SP.POP.TOTL,8159094
Benin,BEN,2003,"Population, total",SP.POP.TOTL,7913070
Benin,BEN,2002,"Population, total",SP.POP.TOTL,7675426
Benin,BEN,2001,"Population, total",SP.POP.TOTL,7445596
Benin,BEN,2000,"Population, total",SP.POP.TOTL,7221619
Benin,BEN,1999,"Population, total",SP.POP.TOTL,7002818
Benin,BEN,1998,"Population, total",SP.POP.TOTL,6789489
Benin,BEN,1997,"Population, total",SP.POP.TOTL,6583365
Benin,BEN,1996,"Population, total",SP.POP.TOTL,6391858
Benin,BEN,1995,"Population, total",SP.POP.TOTL,6226773
Benin,BEN,1994,"Population, total",SP.POP.TOTL,6096506
Benin,BEN,1993,"Population, total",SP.POP.TOTL,5872706
Benin,BEN,1992,"Population, total",SP.POP.TOTL,5617844
Benin,BEN,1991,"Population, total",SP.POP.TOTL,5446932
Benin,BEN,1990,"Population, total",SP.POP.TOTL,5281479
Benin,BEN,1989,"Population, total",SP.POP.TOTL,5121657
Benin,BEN,1988,"Population, total",SP.POP.TOTL,4967341
Benin,BEN,1987,"Population, total",SP.POP.TOTL,4818486
Benin,BEN,1986,"Population, total",SP.POP.TOTL,4675420
Benin,BEN,1985,"Population, total",SP.POP.TOTL,4538012
Benin,BEN,1984,"Population, total",SP.POP.TOTL,4405895
Benin,BEN,1983,"Population, total",SP.POP.TOTL,4278978
Benin,BEN,1982,"Population, total",SP.POP.TOTL,4156596
Benin,BEN,1981,"Population, total",SP.POP.TOTL,4038307
Benin,BEN,1980,"Population, total",SP.POP.TOTL,3925251
Benin,BEN,1979,"Population, total",SP.POP.TOTL,3818528
Benin,BEN,1978,"Population, total",SP.POP.TOTL,3718305
Benin,BEN,1977,"Population, total",SP.POP.TOTL,3623202
Benin,BEN,1976,"Population, total",SP.POP.TOTL,3532196
Benin,BEN,1975,"Population, total",SP.POP.TOTL,3445407
Benin,BEN,1974,"Population, total",SP.POP.TOTL,3362633
Benin,BEN,1973,"Population, total",SP.POP.TOTL,3283496
Benin,BEN,1972,"Population, total",SP.POP.TOTL,3207543
Benin,BEN,1971,"Population, total",SP.POP.TOTL,3134767
Benin,BEN,1970,"Population, total",SP.POP.TOTL,3065057
Benin,BEN,1969,"Population, total",SP.POP.TOTL,2998222
Benin,BEN,1968,"Population, total",SP.POP.TOTL,2934257
Benin,BEN,1967,"Population, total",SP.POP.TOTL,2872997
Benin,BEN,1966,"Population, total",SP.POP.TOTL,2814317
Benin,BEN,1965,"Population, total",SP.POP.TOTL,2757936
Benin,BEN,1964,"Population, total",SP.POP.TOTL,2704003
Benin,BEN,1963,"Population, total",SP.POP.TOTL,2652908
Benin,BEN,1962,"Population, total",SP.POP.TOTL,2604659
Benin,BEN,1961,"Population, total",SP.POP.TOTL,2559223
Benin,BEN,1960,"Population, total",SP.POP.TOTL,2517286
Benin,BEN,2023,Urban population growth (annual %),SP.URB.GROW,3.65892110963411
Benin,BEN,2022,Urban population growth (annual %),SP.URB.GROW,3.68845908680019
Benin,BEN,2021,Urban population growth (annual %),SP.URB.GROW,3.7362155649612
Benin,BEN,2020,Urban population growth (annual %),SP.URB.GROW,3.81346778255785
Benin,BEN,2019,Urban population growth (annual %),SP.URB.GROW,3.88908857828179
Benin,BEN,2018,Urban population growth (annual %),SP.URB.GROW,3.97012060680336
Benin,BEN,2017,Urban population growth (annual %),SP.URB.GROW,4.04037033261009
Benin,BEN,2016,Urban population growth (annual %),SP.URB.GROW,4.0864411043936
Benin,BEN,2015,Urban population growth (annual %),SP.URB.GROW,4.1183339894595
Benin,BEN,2014,Urban population growth (annual %),SP.URB.GROW,4.12196698789072
Benin,BEN,2013,Urban population growth (annual %),SP.URB.GROW,4.11372217967873
Benin,BEN,2012,Urban population growth (annual %),SP.URB.GROW,4.14625433008207
Benin,BEN,2011,Urban population growth (annual %),SP.URB.GROW,4.1658190264379
Benin,BEN,2010,Urban population growth (annual %),SP.URB.GROW,4.18184572196597
Benin,BEN,2009,Urban population growth (annual %),SP.URB.GROW,4.20639119991042
Benin,BEN,2008,Urban population growth (annual %),SP.URB.GROW,4.24170497007823
Benin,BEN,2007,Urban population growth (annual %),SP.URB.GROW,4.18743792219152
Benin,BEN,2006,Urban population growth (annual %),SP.URB.GROW,4.36099220060055
Benin,BEN,2005,Urban population growth (annual %),SP.URB.GROW,4.47153002082188
Benin,BEN,2004,Urban population growth (annual %),SP.URB.GROW,4.32598621702265
Benin,BEN,2003,Urban population growth (annual %),SP.URB.GROW,4.32193623134401
Benin,BEN,2002,Urban population growth (annual %),SP.URB.GROW,4.03384537595953
Benin,BEN,2001,Urban population growth (annual %),SP.URB.GROW,3.87793087463716
Benin,BEN,2000,Urban population growth (annual %),SP.URB.GROW,3.90968742073553
Benin,BEN,1999,Urban population growth (annual %),SP.URB.GROW,3.92842885429072
Benin,BEN,1998,Urban population growth (annual %),SP.URB.GROW,3.91935058177318
Benin,BEN,1997,Urban population growth (annual %),SP.URB.GROW,3.79554439803359
Benin,BEN,1996,Urban population growth (annual %),SP.URB.GROW,3.46461068449356
Benin,BEN,1995,Urban population growth (annual %),SP.URB.GROW,2.96388373556716
Benin,BEN,1994,Urban population growth (annual %),SP.URB.GROW,4.59700818110564
Benin,BEN,1993,Urban population growth (annual %),SP.URB.GROW,5.29553206558097
Benin,BEN,1992,Urban population growth (annual %),SP.URB.GROW,4.72169043904156
Benin,BEN,1991,Urban population growth (annual %),SP.URB.GROW,5.27022692623916
Benin,BEN,1990,Urban population growth (annual %),SP.URB.GROW,5.28648778776047
Benin,BEN,1989,Urban population growth (annual %),SP.URB.GROW,5.2928385117451
Benin,BEN,1988,Urban population growth (annual %),SP.URB.GROW,5.30835595815348
Benin,BEN,1987,Urban population growth (annual %),SP.URB.GROW,5.30077795490197
Benin,BEN,1986,Urban population growth (annual %),SP.URB.GROW,5.29722821732664
Benin,BEN,1985,Urban population growth (annual %),SP.URB.GROW,5.28700276627824
Benin,BEN,1984,Urban population growth (annual %),SP.URB.GROW,5.28391012034765
Benin,BEN,1983,Urban population growth (annual %),SP.URB.GROW,5.28493804494294
Benin,BEN,1982,Urban population growth (annual %),SP.URB.GROW,5.29278881521945
Benin,BEN,1981,Urban population growth (annual %),SP.URB.GROW,5.26431122460556
Benin,BEN,1980,Urban population growth (annual %),SP.URB.GROW,5.21144518770904
Benin,BEN,1979,Urban population growth (annual %),SP.URB.GROW,6.96465531833865
Benin,BEN,1978,Urban population growth (annual %),SP.URB.GROW,7.64373182080517
Benin,BEN,1977,Urban population growth (annual %),SP.URB.GROW,7.67024013997531
Benin,BEN,1976,Urban population growth (annual %),SP.URB.GROW,7.71321066553752
Benin,BEN,1975,Urban population growth (annual %),SP.URB.GROW,7.72367449160316
Benin,BEN,1974,Urban population growth (annual %),SP.URB.GROW,7.75050869989986
Benin,BEN,1973,Urban population growth (annual %),SP.URB.GROW,7.77247807564376
Benin,BEN,1972,Urban population growth (annual %),SP.URB.GROW,7.81247174282317
Benin,BEN,1971,Urban population growth (annual %),SP.URB.GROW,7.81835700693147
Benin,BEN,1970,Urban population growth (annual %),SP.URB.GROW,7.84261798088099
Benin,BEN,1969,Urban population growth (annual %),SP.URB.GROW,7.84942243176893
Benin,BEN,1968,Urban population growth (annual %),SP.URB.GROW,7.86864111714426
Benin,BEN,1967,Urban population growth (annual %),SP.URB.GROW,7.87263699921669
Benin,BEN,1966,Urban population growth (annual %),SP.URB.GROW,7.88732485655033
Benin,BEN,1965,Urban population growth (annual %),SP.URB.GROW,7.88137349796951
Benin,BEN,1964,Urban population growth (annual %),SP.URB.GROW,7.86955490163518
Benin,BEN,1963,Urban population growth (annual %),SP.URB.GROW,7.84042247608814
Benin,BEN,1962,Urban population growth (annual %),SP.URB.GROW,7.80325039569491
Benin,BEN,1961,Urban population growth (annual %),SP.URB.GROW,7.72812674765532
Benin,BEN,2023,Urban population,SP.URB.TOTL,7069628
Benin,BEN,2022,Urban population,SP.URB.TOTL,6815631
Benin,BEN,2021,Urban population,SP.URB.TOTL,6568819
Benin,BEN,2020,Urban population,SP.URB.TOTL,6327922
Benin,BEN,2019,Urban population,SP.URB.TOTL,6091152
Benin,BEN,2018,Urban population,SP.URB.TOTL,5858809
Benin,BEN,2017,Urban population,SP.URB.TOTL,5630764
Benin,BEN,2016,Urban population,SP.URB.TOTL,5407795
Benin,BEN,2015,Urban population,SP.URB.TOTL,5191263
Benin,BEN,2014,Urban population,SP.URB.TOTL,4981812
Benin,BEN,2013,Urban population,SP.URB.TOTL,4780638
Benin,BEN,2012,Urban population,SP.URB.TOTL,4587966
Benin,BEN,2011,Urban population,SP.URB.TOTL,4401627
Benin,BEN,2010,Urban population,SP.URB.TOTL,4222030
Benin,BEN,2009,Urban population,SP.URB.TOTL,4049112
Benin,BEN,2008,Urban population,SP.URB.TOTL,3882323
Benin,BEN,2007,Urban population,SP.URB.TOTL,3721090
Benin,BEN,2006,Urban population,SP.URB.TOTL,3568489
Benin,BEN,2005,Urban population,SP.URB.TOTL,3416212
Benin,BEN,2004,Urban population,SP.URB.TOTL,3266820
Benin,BEN,2003,Urban population,SP.URB.TOTL,3128511
Benin,BEN,2002,Urban population,SP.URB.TOTL,2996179
Benin,BEN,2001,Urban population,SP.URB.TOTL,2877723
Benin,BEN,2000,Urban population,SP.URB.TOTL,2768263
Benin,BEN,1999,Urban population,SP.URB.TOTL,2662121
Benin,BEN,1998,Urban population,SP.URB.TOTL,2559569
Benin,BEN,1997,Urban population,SP.URB.TOTL,2461191
Benin,BEN,1996,Urban population,SP.URB.TOTL,2369526
Benin,BEN,1995,Urban population,SP.URB.TOTL,2288837
Benin,BEN,1994,Urban population,SP.URB.TOTL,2221994
Benin,BEN,1993,Urban population,SP.URB.TOTL,2122161
Benin,BEN,1992,Urban population,SP.URB.TOTL,2012705
Benin,BEN,1991,Urban population,SP.URB.TOTL,1919880
Benin,BEN,1990,Urban population,SP.URB.TOTL,1821318
Benin,BEN,1989,Urban population,SP.URB.TOTL,1727535
Benin,BEN,1988,Urban population,SP.URB.TOTL,1638477
Benin,BEN,1987,Urban population,SP.URB.TOTL,1553769
Benin,BEN,1986,Urban population,SP.URB.TOTL,1473552
Benin,BEN,1985,Urban population,SP.URB.TOTL,1397526
Benin,BEN,1984,Urban population,SP.URB.TOTL,1325558
Benin,BEN,1983,Urban population,SP.URB.TOTL,1257335
Benin,BEN,1982,Urban population,SP.URB.TOTL,1192611
Benin,BEN,1981,Urban population,SP.URB.TOTL,1131130
Benin,BEN,1980,Urban population,SP.URB.TOTL,1073124
Benin,BEN,1979,Urban population,SP.URB.TOTL,1018631
Benin,BEN,1978,Urban population,SP.URB.TOTL,950101
Benin,BEN,1977,Urban population,SP.URB.TOTL,880184
Benin,BEN,1976,Urban population,SP.URB.TOTL,815196
Benin,BEN,1975,Urban population,SP.URB.TOTL,754682
Benin,BEN,1974,Urban population,SP.URB.TOTL,698587
Benin,BEN,1973,Urban population,SP.URB.TOTL,646488
Benin,BEN,1972,Urban population,SP.URB.TOTL,598143
Benin,BEN,1971,Urban population,SP.URB.TOTL,553192
Benin,BEN,1970,Urban population,SP.URB.TOTL,511589
Benin,BEN,1969,Urban population,SP.URB.TOTL,473000
Benin,BEN,1968,Urban population,SP.URB.TOTL,437292
Benin,BEN,1967,Urban population,SP.URB.TOTL,404202
Benin,BEN,1966,Urban population,SP.URB.TOTL,373601
Benin,BEN,1965,Urban population,SP.URB.TOTL,345266
Benin,BEN,1964,Urban population,SP.URB.TOTL,319099
Benin,BEN,1963,Urban population,SP.URB.TOTL,294950
Benin,BEN,1962,Urban population,SP.URB.TOTL,272708
Benin,BEN,1961,Urban population,SP.URB.TOTL,252237
Benin,BEN,1960,Urban population,SP.URB.TOTL,233478
Benin,BEN,2023,Urban population (% of total population),SP.URB.TOTL.IN.ZS,50.1
Benin,BEN,2022,Urban population (% of total population),SP.URB.TOTL.IN.ZS,49.534
Benin,BEN,2021,Urban population (% of total population),SP.URB.TOTL.IN.ZS,48.972
Benin,BEN,2020,Urban population (% of total population),SP.URB.TOTL.IN.ZS,48.415
Benin,BEN,2019,Urban population (% of total population),SP.URB.TOTL.IN.ZS,47.861
Benin,BEN,2018,Urban population (% of total population),SP.URB.TOTL.IN.ZS,47.312
Benin,BEN,2017,Urban population (% of total population),SP.URB.TOTL.IN.ZS,46.768
Benin,BEN,2016,Urban population (% of total population),SP.URB.TOTL.IN.ZS,46.229
Benin,BEN,2015,Urban population (% of total population),SP.URB.TOTL.IN.ZS,45.695
Benin,BEN,2014,Urban population (% of total population),SP.URB.TOTL.IN.ZS,45.166
Benin,BEN,2013,Urban population (% of total population),SP.URB.TOTL.IN.ZS,44.642
Benin,BEN,2012,Urban population (% of total population),SP.URB.TOTL.IN.ZS,44.125
Benin,BEN,2011,Urban population (% of total population),SP.URB.TOTL.IN.ZS,43.608
Benin,BEN,2010,Urban population (% of total population),SP.URB.TOTL.IN.ZS,43.093
Benin,BEN,2009,Urban population (% of total population),SP.URB.TOTL.IN.ZS,42.58
Benin,BEN,2008,Urban population (% of total population),SP.URB.TOTL.IN.ZS,42.069
Benin,BEN,2007,Urban population (% of total population),SP.URB.TOTL.IN.ZS,41.558
Benin,BEN,2006,Urban population (% of total population),SP.URB.TOTL.IN.ZS,41.049
Benin,BEN,2005,Urban population (% of total population),SP.URB.TOTL.IN.ZS,40.543
Benin,BEN,2004,Urban population (% of total population),SP.URB.TOTL.IN.ZS,40.039
Benin,BEN,2003,Urban population (% of total population),SP.URB.TOTL.IN.ZS,39.536
Benin,BEN,2002,Urban population (% of total population),SP.URB.TOTL.IN.ZS,39.036
Benin,BEN,2001,Urban population (% of total population),SP.URB.TOTL.IN.ZS,38.65
Benin,BEN,2000,Urban population (% of total population),SP.URB.TOTL.IN.ZS,38.333
Benin,BEN,1999,Urban population (% of total population),SP.URB.TOTL.IN.ZS,38.015
Benin,BEN,1998,Urban population (% of total population),SP.URB.TOTL.IN.ZS,37.699
Benin,BEN,1997,Urban population (% of total population),SP.URB.TOTL.IN.ZS,37.385
Benin,BEN,1996,Urban population (% of total population),SP.URB.TOTL.IN.ZS,37.071
Benin,BEN,1995,Urban population (% of total population),SP.URB.TOTL.IN.ZS,36.758
Benin,BEN,1994,Urban population (% of total population),SP.URB.TOTL.IN.ZS,36.447
Benin,BEN,1993,Urban population (% of total population),SP.URB.TOTL.IN.ZS,36.136
Benin,BEN,1992,Urban population (% of total population),SP.URB.TOTL.IN.ZS,35.827
Benin,BEN,1991,Urban population (% of total population),SP.URB.TOTL.IN.ZS,35.247
Benin,BEN,1990,Urban population (% of total population),SP.URB.TOTL.IN.ZS,34.485
Benin,BEN,1989,Urban population (% of total population),SP.URB.TOTL.IN.ZS,33.73
Benin,BEN,1988,Urban population (% of total population),SP.URB.TOTL.IN.ZS,32.985
Benin,BEN,1987,Urban population (% of total population),SP.URB.TOTL.IN.ZS,32.246
Benin,BEN,1986,Urban population (% of total population),SP.URB.TOTL.IN.ZS,31.517
Benin,BEN,1985,Urban population (% of total population),SP.URB.TOTL.IN.ZS,30.796
Benin,BEN,1984,Urban population (% of total population),SP.URB.TOTL.IN.ZS,30.086
Benin,BEN,1983,Urban population (% of total population),SP.URB.TOTL.IN.ZS,29.384
Benin,BEN,1982,Urban population (% of total population),SP.URB.TOTL.IN.ZS,28.692
Benin,BEN,1981,Urban population (% of total population),SP.URB.TOTL.IN.ZS,28.01
Benin,BEN,1980,Urban population (% of total population),SP.URB.TOTL.IN.ZS,27.339
Benin,BEN,1979,Urban population (% of total population),SP.URB.TOTL.IN.ZS,26.676
Benin,BEN,1978,Urban population (% of total population),SP.URB.TOTL.IN.ZS,25.552
Benin,BEN,1977,Urban population (% of total population),SP.URB.TOTL.IN.ZS,24.293
Benin,BEN,1976,Urban population (% of total population),SP.URB.TOTL.IN.ZS,23.079
Benin,BEN,1975,Urban population (% of total population),SP.URB.TOTL.IN.ZS,21.904
Benin,BEN,1974,Urban population (% of total population),SP.URB.TOTL.IN.ZS,20.775
Benin,BEN,1973,Urban population (% of total population),SP.URB.TOTL.IN.ZS,19.689
Benin,BEN,1972,Urban population (% of total population),SP.URB.TOTL.IN.ZS,18.648
Benin,BEN,1971,Urban population (% of total population),SP.URB.TOTL.IN.ZS,17.647
Benin,BEN,1970,Urban population (% of total population),SP.URB.TOTL.IN.ZS,16.691
Benin,BEN,1969,Urban population (% of total population),SP.URB.TOTL.IN.ZS,15.776
Benin,BEN,1968,Urban population (% of total population),SP.URB.TOTL.IN.ZS,14.903
Benin,BEN,1967,Urban population (% of total population),SP.URB.TOTL.IN.ZS,14.069
Benin,BEN,1966,Urban population (% of total population),SP.URB.TOTL.IN.ZS,13.275
Benin,BEN,1965,Urban population (% of total population),SP.URB.TOTL.IN.ZS,12.519
Benin,BEN,1964,Urban population (% of total population),SP.URB.TOTL.IN.ZS,11.801
Benin,BEN,1963,Urban population (% of total population),SP.URB.TOTL.IN.ZS,11.118
Benin,BEN,1962,Urban population (% of total population),SP.URB.TOTL.IN.ZS,10.47
Benin,BEN,1961,Urban population (% of total population),SP.URB.TOTL.IN.ZS,9.856
Benin,BEN,1960,Urban population (% of total population),SP.URB.TOTL.IN.ZS,9.275
Benin,BEN,2004,"Roads, paved (% of total roads)",IS.ROD.PAVE.ZS,9.5
Benin,BEN,1998,"Roads, paved (% of total roads)",IS.ROD.PAVE.ZS,20
Benin,BEN,1997,"Roads, paved (% of total roads)",IS.ROD.PAVE.ZS,20
Benin,BEN,1996,"Roads, paved (% of total roads)",IS.ROD.PAVE.ZS,20
Benin,BEN,1995,"Roads, paved (% of total roads)",IS.ROD.PAVE.ZS,20
Benin,BEN,1994,"Roads, paved (% of total roads)",IS.ROD.PAVE.ZS,20
Benin,BEN,1993,"Roads, paved (% of total roads)",IS.ROD.PAVE.ZS,20
Benin,BEN,1992,"Roads, paved (% of total roads)",IS.ROD.PAVE.ZS,20
Benin,BEN,1991,"Roads, paved (% of total roads)",IS.ROD.PAVE.ZS,20
Benin,BEN,1990,"Roads, paved (% of total roads)",IS.ROD.PAVE.ZS,20
